"subject","item","ar","binding","group","binding_g","group_g"
"Native 1",1,"1",-1,-1,"Binding","Native"
"Native 2",1,"1",-1,-1,"Binding","Native"
"Native 3",1,"1",-1,-1,"Binding","Native"
"Native 4",1,"1",-1,-1,"Binding","Native"
"Native 5",1,"1",-1,-1,"Binding","Native"
"Native 6",1,"1",-1,-1,"Binding","Native"
"Native 7",1,"1",-1,-1,"Binding","Native"
"Native 8",1,"1",-1,-1,"Binding","Native"
"Native 9",1,"1",-1,-1,"Binding","Native"
"Native 10",1,"1",-1,-1,"Binding","Native"
"Native 11",1,"1",-1,-1,"Binding","Native"
"Native 12",1,"1",-1,-1,"Binding","Native"
"Native 13",1,"1",-1,-1,"Binding","Native"
"Native 14",1,"1",-1,-1,"Binding","Native"
"Native 15",1,"1",-1,-1,"Binding","Native"
"Native 16",1,"1",-1,-1,"Binding","Native"
"Native 17",1,"1",-1,-1,"Binding","Native"
"Native 18",1,"1",-1,-1,"Binding","Native"
"Native 37",1,"1",-1,-1,"Binding","Native"
"Native 38",1,"0",-1,-1,"Binding","Native"
"Native 39",1,"1",-1,-1,"Binding","Native"
"Native 40",1,"1",-1,-1,"Binding","Native"
"Native 41",1,"1",-1,-1,"Binding","Native"
"Native 42",1,"1",-1,-1,"Binding","Native"
"Native 43",1,"1",-1,-1,"Binding","Native"
"Native 44",1,"1",-1,-1,"Binding","Native"
"Native 45",1,"1",-1,-1,"Binding","Native"
"Native 46",1,"1",-1,-1,"Binding","Native"
"Native 47",1,"0",-1,-1,"Binding","Native"
"Native 48",1,"1",-1,-1,"Binding","Native"
"Native 49",1,"1",-1,-1,"Binding","Native"
"Native 50",1,"0",-1,-1,"Binding","Native"
"Native 51",1,"1",-1,-1,"Binding","Native"
"Native 52",1,"1",-1,-1,"Binding","Native"
"Native 53",1,"1",-1,-1,"Binding","Native"
"Native 54",1,"1",-1,-1,"Binding","Native"
"Native 19",1,"1",1,-1,"Non-Binding","Native"
"Native 20",1,"1",1,-1,"Non-Binding","Native"
"Native 21",1,"1",1,-1,"Non-Binding","Native"
"Native 22",1,"1",1,-1,"Non-Binding","Native"
"Native 23",1,"1",1,-1,"Non-Binding","Native"
"Native 24",1,"1",1,-1,"Non-Binding","Native"
"Native 25",1,"1",1,-1,"Non-Binding","Native"
"Native 26",1,"1",1,-1,"Non-Binding","Native"
"Native 27",1,"1",1,-1,"Non-Binding","Native"
"Native 28",1,"1",1,-1,"Non-Binding","Native"
"Native 29",1,"1",1,-1,"Non-Binding","Native"
"Native 30",1,"1",1,-1,"Non-Binding","Native"
"Native 31",1,"1",1,-1,"Non-Binding","Native"
"Native 32",1,"1",1,-1,"Non-Binding","Native"
"Native 33",1,"1",1,-1,"Non-Binding","Native"
"Native 34",1,"1",1,-1,"Non-Binding","Native"
"Native 35",1,"1",1,-1,"Non-Binding","Native"
"Native 36",1,"1",1,-1,"Non-Binding","Native"
"Native 55",1,"1",1,-1,"Non-Binding","Native"
"Native 56",1,"1",1,-1,"Non-Binding","Native"
"Native 57",1,"1",1,-1,"Non-Binding","Native"
"Native 58",1,"1",1,-1,"Non-Binding","Native"
"Native 59",1,"1",1,-1,"Non-Binding","Native"
"Native 60",1,"1",1,-1,"Non-Binding","Native"
"Native 61",1,"1",1,-1,"Non-Binding","Native"
"Native 62",1,"1",1,-1,"Non-Binding","Native"
"Native 63",1,"1",1,-1,"Non-Binding","Native"
"Native 64",1,"1",1,-1,"Non-Binding","Native"
"Native 65",1,"1",1,-1,"Non-Binding","Native"
"Native 66",1,"0",1,-1,"Non-Binding","Native"
"Native 67",1,"1",1,-1,"Non-Binding","Native"
"Native 68",1,"1",1,-1,"Non-Binding","Native"
"Native 69",1,"1",1,-1,"Non-Binding","Native"
"Native 70",1,"1",1,-1,"Non-Binding","Native"
"Native 71",1,"1",1,-1,"Non-Binding","Native"
"Native 72",1,"1",1,-1,"Non-Binding","Native"
"Native 19",2,"1",-1,-1,"Binding","Native"
"Native 20",2,"1",-1,-1,"Binding","Native"
"Native 21",2,"0",-1,-1,"Binding","Native"
"Native 22",2,"1",-1,-1,"Binding","Native"
"Native 23",2,"1",-1,-1,"Binding","Native"
"Native 24",2,"1",-1,-1,"Binding","Native"
"Native 25",2,"1",-1,-1,"Binding","Native"
"Native 26",2,"1",-1,-1,"Binding","Native"
"Native 27",2,"1",-1,-1,"Binding","Native"
"Native 28",2,"0",-1,-1,"Binding","Native"
"Native 29",2,"1",-1,-1,"Binding","Native"
"Native 30",2,"1",-1,-1,"Binding","Native"
"Native 31",2,"1",-1,-1,"Binding","Native"
"Native 32",2,"1",-1,-1,"Binding","Native"
"Native 33",2,"1",-1,-1,"Binding","Native"
"Native 34",2,"1",-1,-1,"Binding","Native"
"Native 35",2,"1",-1,-1,"Binding","Native"
"Native 36",2,"1",-1,-1,"Binding","Native"
"Native 55",2,"1",-1,-1,"Binding","Native"
"Native 56",2,"1",-1,-1,"Binding","Native"
"Native 57",2,"1",-1,-1,"Binding","Native"
"Native 58",2,"1",-1,-1,"Binding","Native"
"Native 59",2,"1",-1,-1,"Binding","Native"
"Native 60",2,"1",-1,-1,"Binding","Native"
"Native 61",2,"1",-1,-1,"Binding","Native"
"Native 62",2,"1",-1,-1,"Binding","Native"
"Native 63",2,"1",-1,-1,"Binding","Native"
"Native 64",2,"1",-1,-1,"Binding","Native"
"Native 65",2,"1",-1,-1,"Binding","Native"
"Native 66",2,"1",-1,-1,"Binding","Native"
"Native 67",2,"1",-1,-1,"Binding","Native"
"Native 68",2,"1",-1,-1,"Binding","Native"
"Native 69",2,"1",-1,-1,"Binding","Native"
"Native 70",2,"1",-1,-1,"Binding","Native"
"Native 71",2,"1",-1,-1,"Binding","Native"
"Native 72",2,"1",-1,-1,"Binding","Native"
"Native 1",2,"0",1,-1,"Non-Binding","Native"
"Native 2",2,"1",1,-1,"Non-Binding","Native"
"Native 3",2,"1",1,-1,"Non-Binding","Native"
"Native 4",2,"1",1,-1,"Non-Binding","Native"
"Native 5",2,"1",1,-1,"Non-Binding","Native"
"Native 6",2,"1",1,-1,"Non-Binding","Native"
"Native 7",2,"1",1,-1,"Non-Binding","Native"
"Native 8",2,"1",1,-1,"Non-Binding","Native"
"Native 9",2,"1",1,-1,"Non-Binding","Native"
"Native 10",2,"1",1,-1,"Non-Binding","Native"
"Native 11",2,"1",1,-1,"Non-Binding","Native"
"Native 12",2,"1",1,-1,"Non-Binding","Native"
"Native 13",2,"0",1,-1,"Non-Binding","Native"
"Native 14",2,"1",1,-1,"Non-Binding","Native"
"Native 15",2,"1",1,-1,"Non-Binding","Native"
"Native 16",2,"1",1,-1,"Non-Binding","Native"
"Native 17",2,"1",1,-1,"Non-Binding","Native"
"Native 18",2,"1",1,-1,"Non-Binding","Native"
"Native 37",2,"1",1,-1,"Non-Binding","Native"
"Native 38",2,"1",1,-1,"Non-Binding","Native"
"Native 39",2,"1",1,-1,"Non-Binding","Native"
"Native 40",2,"0",1,-1,"Non-Binding","Native"
"Native 41",2,"1",1,-1,"Non-Binding","Native"
"Native 42",2,"1",1,-1,"Non-Binding","Native"
"Native 43",2,"1",1,-1,"Non-Binding","Native"
"Native 44",2,"1",1,-1,"Non-Binding","Native"
"Native 45",2,"1",1,-1,"Non-Binding","Native"
"Native 46",2,"1",1,-1,"Non-Binding","Native"
"Native 47",2,"1",1,-1,"Non-Binding","Native"
"Native 48",2,"1",1,-1,"Non-Binding","Native"
"Native 49",2,"1",1,-1,"Non-Binding","Native"
"Native 50",2,"1",1,-1,"Non-Binding","Native"
"Native 51",2,"1",1,-1,"Non-Binding","Native"
"Native 52",2,"1",1,-1,"Non-Binding","Native"
"Native 53",2,"1",1,-1,"Non-Binding","Native"
"Native 54",2,"1",1,-1,"Non-Binding","Native"
"Native 1",3,"0",-1,-1,"Binding","Native"
"Native 2",3,"1",-1,-1,"Binding","Native"
"Native 3",3,"1",-1,-1,"Binding","Native"
"Native 4",3,"1",-1,-1,"Binding","Native"
"Native 5",3,"1",-1,-1,"Binding","Native"
"Native 6",3,"0",-1,-1,"Binding","Native"
"Native 7",3,"1",-1,-1,"Binding","Native"
"Native 8",3,"1",-1,-1,"Binding","Native"
"Native 9",3,"1",-1,-1,"Binding","Native"
"Native 10",3,"1",-1,-1,"Binding","Native"
"Native 11",3,"1",-1,-1,"Binding","Native"
"Native 12",3,"1",-1,-1,"Binding","Native"
"Native 13",3,"1",-1,-1,"Binding","Native"
"Native 14",3,"1",-1,-1,"Binding","Native"
"Native 15",3,"1",-1,-1,"Binding","Native"
"Native 16",3,"1",-1,-1,"Binding","Native"
"Native 17",3,"1",-1,-1,"Binding","Native"
"Native 18",3,"1",-1,-1,"Binding","Native"
"Native 37",3,"0",-1,-1,"Binding","Native"
"Native 38",3,"1",-1,-1,"Binding","Native"
"Native 39",3,"1",-1,-1,"Binding","Native"
"Native 40",3,"1",-1,-1,"Binding","Native"
"Native 41",3,"1",-1,-1,"Binding","Native"
"Native 42",3,"1",-1,-1,"Binding","Native"
"Native 43",3,"1",-1,-1,"Binding","Native"
"Native 44",3,"1",-1,-1,"Binding","Native"
"Native 45",3,"1",-1,-1,"Binding","Native"
"Native 46",3,"1",-1,-1,"Binding","Native"
"Native 47",3,"1",-1,-1,"Binding","Native"
"Native 48",3,"1",-1,-1,"Binding","Native"
"Native 49",3,"1",-1,-1,"Binding","Native"
"Native 50",3,"1",-1,-1,"Binding","Native"
"Native 51",3,"1",-1,-1,"Binding","Native"
"Native 52",3,"1",-1,-1,"Binding","Native"
"Native 53",3,"1",-1,-1,"Binding","Native"
"Native 54",3,"1",-1,-1,"Binding","Native"
"Native 19",3,"1",1,-1,"Non-Binding","Native"
"Native 20",3,"1",1,-1,"Non-Binding","Native"
"Native 21",3,"0",1,-1,"Non-Binding","Native"
"Native 22",3,"1",1,-1,"Non-Binding","Native"
"Native 23",3,"1",1,-1,"Non-Binding","Native"
"Native 24",3,"1",1,-1,"Non-Binding","Native"
"Native 25",3,"1",1,-1,"Non-Binding","Native"
"Native 26",3,"1",1,-1,"Non-Binding","Native"
"Native 27",3,"1",1,-1,"Non-Binding","Native"
"Native 28",3,"1",1,-1,"Non-Binding","Native"
"Native 29",3,"1",1,-1,"Non-Binding","Native"
"Native 30",3,"0",1,-1,"Non-Binding","Native"
"Native 31",3,"1",1,-1,"Non-Binding","Native"
"Native 32",3,"1",1,-1,"Non-Binding","Native"
"Native 33",3,"1",1,-1,"Non-Binding","Native"
"Native 34",3,"1",1,-1,"Non-Binding","Native"
"Native 35",3,"1",1,-1,"Non-Binding","Native"
"Native 36",3,"1",1,-1,"Non-Binding","Native"
"Native 55",3,"1",1,-1,"Non-Binding","Native"
"Native 56",3,"1",1,-1,"Non-Binding","Native"
"Native 57",3,"1",1,-1,"Non-Binding","Native"
"Native 58",3,"1",1,-1,"Non-Binding","Native"
"Native 59",3,"1",1,-1,"Non-Binding","Native"
"Native 60",3,"1",1,-1,"Non-Binding","Native"
"Native 61",3,"1",1,-1,"Non-Binding","Native"
"Native 62",3,"0",1,-1,"Non-Binding","Native"
"Native 63",3,"1",1,-1,"Non-Binding","Native"
"Native 64",3,"1",1,-1,"Non-Binding","Native"
"Native 65",3,"1",1,-1,"Non-Binding","Native"
"Native 66",3,"1",1,-1,"Non-Binding","Native"
"Native 67",3,"1",1,-1,"Non-Binding","Native"
"Native 68",3,"1",1,-1,"Non-Binding","Native"
"Native 69",3,"1",1,-1,"Non-Binding","Native"
"Native 70",3,"1",1,-1,"Non-Binding","Native"
"Native 71",3,"1",1,-1,"Non-Binding","Native"
"Native 72",3,"0",1,-1,"Non-Binding","Native"
"Native 19",4,"1",-1,-1,"Binding","Native"
"Native 20",4,"1",-1,-1,"Binding","Native"
"Native 21",4,"1",-1,-1,"Binding","Native"
"Native 22",4,"1",-1,-1,"Binding","Native"
"Native 23",4,"1",-1,-1,"Binding","Native"
"Native 24",4,"1",-1,-1,"Binding","Native"
"Native 25",4,"1",-1,-1,"Binding","Native"
"Native 26",4,"1",-1,-1,"Binding","Native"
"Native 27",4,"1",-1,-1,"Binding","Native"
"Native 28",4,"1",-1,-1,"Binding","Native"
"Native 29",4,"1",-1,-1,"Binding","Native"
"Native 30",4,"1",-1,-1,"Binding","Native"
"Native 31",4,"1",-1,-1,"Binding","Native"
"Native 32",4,"1",-1,-1,"Binding","Native"
"Native 33",4,"1",-1,-1,"Binding","Native"
"Native 34",4,"1",-1,-1,"Binding","Native"
"Native 35",4,"1",-1,-1,"Binding","Native"
"Native 36",4,"0",-1,-1,"Binding","Native"
"Native 55",4,"1",-1,-1,"Binding","Native"
"Native 56",4,"1",-1,-1,"Binding","Native"
"Native 57",4,"1",-1,-1,"Binding","Native"
"Native 58",4,"1",-1,-1,"Binding","Native"
"Native 59",4,"1",-1,-1,"Binding","Native"
"Native 60",4,"1",-1,-1,"Binding","Native"
"Native 61",4,"1",-1,-1,"Binding","Native"
"Native 62",4,"1",-1,-1,"Binding","Native"
"Native 63",4,"1",-1,-1,"Binding","Native"
"Native 64",4,"1",-1,-1,"Binding","Native"
"Native 65",4,"1",-1,-1,"Binding","Native"
"Native 66",4,"1",-1,-1,"Binding","Native"
"Native 67",4,"1",-1,-1,"Binding","Native"
"Native 68",4,"1",-1,-1,"Binding","Native"
"Native 69",4,"1",-1,-1,"Binding","Native"
"Native 70",4,"1",-1,-1,"Binding","Native"
"Native 71",4,"1",-1,-1,"Binding","Native"
"Native 72",4,"0",-1,-1,"Binding","Native"
"Native 1",4,"1",1,-1,"Non-Binding","Native"
"Native 2",4,"1",1,-1,"Non-Binding","Native"
"Native 3",4,"1",1,-1,"Non-Binding","Native"
"Native 4",4,"1",1,-1,"Non-Binding","Native"
"Native 5",4,"1",1,-1,"Non-Binding","Native"
"Native 6",4,"1",1,-1,"Non-Binding","Native"
"Native 7",4,"1",1,-1,"Non-Binding","Native"
"Native 8",4,"1",1,-1,"Non-Binding","Native"
"Native 9",4,"1",1,-1,"Non-Binding","Native"
"Native 10",4,"1",1,-1,"Non-Binding","Native"
"Native 11",4,"1",1,-1,"Non-Binding","Native"
"Native 12",4,"1",1,-1,"Non-Binding","Native"
"Native 13",4,"1",1,-1,"Non-Binding","Native"
"Native 14",4,"1",1,-1,"Non-Binding","Native"
"Native 15",4,"1",1,-1,"Non-Binding","Native"
"Native 16",4,"1",1,-1,"Non-Binding","Native"
"Native 17",4,"1",1,-1,"Non-Binding","Native"
"Native 18",4,"1",1,-1,"Non-Binding","Native"
"Native 37",4,"1",1,-1,"Non-Binding","Native"
"Native 38",4,"1",1,-1,"Non-Binding","Native"
"Native 39",4,"1",1,-1,"Non-Binding","Native"
"Native 40",4,"1",1,-1,"Non-Binding","Native"
"Native 41",4,"1",1,-1,"Non-Binding","Native"
"Native 42",4,"1",1,-1,"Non-Binding","Native"
"Native 43",4,"1",1,-1,"Non-Binding","Native"
"Native 44",4,"1",1,-1,"Non-Binding","Native"
"Native 45",4,"1",1,-1,"Non-Binding","Native"
"Native 46",4,"1",1,-1,"Non-Binding","Native"
"Native 47",4,"1",1,-1,"Non-Binding","Native"
"Native 48",4,"1",1,-1,"Non-Binding","Native"
"Native 49",4,"1",1,-1,"Non-Binding","Native"
"Native 50",4,"1",1,-1,"Non-Binding","Native"
"Native 51",4,"1",1,-1,"Non-Binding","Native"
"Native 52",4,"1",1,-1,"Non-Binding","Native"
"Native 53",4,"1",1,-1,"Non-Binding","Native"
"Native 54",4,"0",1,-1,"Non-Binding","Native"
"Native 1",5,"1",-1,-1,"Binding","Native"
"Native 2",5,"1",-1,-1,"Binding","Native"
"Native 3",5,"1",-1,-1,"Binding","Native"
"Native 4",5,"1",-1,-1,"Binding","Native"
"Native 5",5,"1",-1,-1,"Binding","Native"
"Native 6",5,"1",-1,-1,"Binding","Native"
"Native 7",5,"1",-1,-1,"Binding","Native"
"Native 8",5,"0",-1,-1,"Binding","Native"
"Native 9",5,"1",-1,-1,"Binding","Native"
"Native 10",5,"1",-1,-1,"Binding","Native"
"Native 11",5,"1",-1,-1,"Binding","Native"
"Native 12",5,"1",-1,-1,"Binding","Native"
"Native 13",5,"0",-1,-1,"Binding","Native"
"Native 14",5,"1",-1,-1,"Binding","Native"
"Native 15",5,"1",-1,-1,"Binding","Native"
"Native 16",5,"1",-1,-1,"Binding","Native"
"Native 17",5,"1",-1,-1,"Binding","Native"
"Native 18",5,"1",-1,-1,"Binding","Native"
"Native 37",5,"1",-1,-1,"Binding","Native"
"Native 38",5,"1",-1,-1,"Binding","Native"
"Native 39",5,"1",-1,-1,"Binding","Native"
"Native 40",5,"1",-1,-1,"Binding","Native"
"Native 41",5,"1",-1,-1,"Binding","Native"
"Native 42",5,"1",-1,-1,"Binding","Native"
"Native 43",5,"1",-1,-1,"Binding","Native"
"Native 44",5,"1",-1,-1,"Binding","Native"
"Native 45",5,"1",-1,-1,"Binding","Native"
"Native 46",5,"1",-1,-1,"Binding","Native"
"Native 47",5,"1",-1,-1,"Binding","Native"
"Native 48",5,"1",-1,-1,"Binding","Native"
"Native 49",5,"1",-1,-1,"Binding","Native"
"Native 50",5,"0",-1,-1,"Binding","Native"
"Native 51",5,"1",-1,-1,"Binding","Native"
"Native 52",5,"1",-1,-1,"Binding","Native"
"Native 53",5,"1",-1,-1,"Binding","Native"
"Native 54",5,"1",-1,-1,"Binding","Native"
"Native 19",5,"1",1,-1,"Non-Binding","Native"
"Native 20",5,"1",1,-1,"Non-Binding","Native"
"Native 21",5,"1",1,-1,"Non-Binding","Native"
"Native 22",5,"1",1,-1,"Non-Binding","Native"
"Native 23",5,"1",1,-1,"Non-Binding","Native"
"Native 24",5,"1",1,-1,"Non-Binding","Native"
"Native 25",5,"1",1,-1,"Non-Binding","Native"
"Native 26",5,"1",1,-1,"Non-Binding","Native"
"Native 27",5,"1",1,-1,"Non-Binding","Native"
"Native 28",5,"1",1,-1,"Non-Binding","Native"
"Native 29",5,"1",1,-1,"Non-Binding","Native"
"Native 30",5,"1",1,-1,"Non-Binding","Native"
"Native 31",5,"1",1,-1,"Non-Binding","Native"
"Native 32",5,"1",1,-1,"Non-Binding","Native"
"Native 33",5,"0",1,-1,"Non-Binding","Native"
"Native 34",5,"1",1,-1,"Non-Binding","Native"
"Native 35",5,"1",1,-1,"Non-Binding","Native"
"Native 36",5,"1",1,-1,"Non-Binding","Native"
"Native 55",5,"1",1,-1,"Non-Binding","Native"
"Native 56",5,"1",1,-1,"Non-Binding","Native"
"Native 57",5,"1",1,-1,"Non-Binding","Native"
"Native 58",5,"1",1,-1,"Non-Binding","Native"
"Native 59",5,"1",1,-1,"Non-Binding","Native"
"Native 60",5,"1",1,-1,"Non-Binding","Native"
"Native 61",5,"1",1,-1,"Non-Binding","Native"
"Native 62",5,"1",1,-1,"Non-Binding","Native"
"Native 63",5,"1",1,-1,"Non-Binding","Native"
"Native 64",5,"1",1,-1,"Non-Binding","Native"
"Native 65",5,"1",1,-1,"Non-Binding","Native"
"Native 66",5,"1",1,-1,"Non-Binding","Native"
"Native 67",5,"1",1,-1,"Non-Binding","Native"
"Native 68",5,"1",1,-1,"Non-Binding","Native"
"Native 69",5,"1",1,-1,"Non-Binding","Native"
"Native 70",5,"1",1,-1,"Non-Binding","Native"
"Native 71",5,"1",1,-1,"Non-Binding","Native"
"Native 72",5,"1",1,-1,"Non-Binding","Native"
"Native 19",6,"1",-1,-1,"Binding","Native"
"Native 20",6,"1",-1,-1,"Binding","Native"
"Native 21",6,"1",-1,-1,"Binding","Native"
"Native 22",6,"1",-1,-1,"Binding","Native"
"Native 23",6,"1",-1,-1,"Binding","Native"
"Native 24",6,"1",-1,-1,"Binding","Native"
"Native 25",6,"1",-1,-1,"Binding","Native"
"Native 26",6,"1",-1,-1,"Binding","Native"
"Native 27",6,"1",-1,-1,"Binding","Native"
"Native 28",6,"0",-1,-1,"Binding","Native"
"Native 29",6,"1",-1,-1,"Binding","Native"
"Native 30",6,"1",-1,-1,"Binding","Native"
"Native 31",6,"1",-1,-1,"Binding","Native"
"Native 32",6,"0",-1,-1,"Binding","Native"
"Native 33",6,"1",-1,-1,"Binding","Native"
"Native 34",6,"1",-1,-1,"Binding","Native"
"Native 35",6,"1",-1,-1,"Binding","Native"
"Native 36",6,"1",-1,-1,"Binding","Native"
"Native 55",6,"1",-1,-1,"Binding","Native"
"Native 56",6,"1",-1,-1,"Binding","Native"
"Native 57",6,"1",-1,-1,"Binding","Native"
"Native 58",6,"1",-1,-1,"Binding","Native"
"Native 59",6,"1",-1,-1,"Binding","Native"
"Native 60",6,"0",-1,-1,"Binding","Native"
"Native 61",6,"0",-1,-1,"Binding","Native"
"Native 62",6,"1",-1,-1,"Binding","Native"
"Native 63",6,"1",-1,-1,"Binding","Native"
"Native 64",6,"1",-1,-1,"Binding","Native"
"Native 65",6,"1",-1,-1,"Binding","Native"
"Native 66",6,"1",-1,-1,"Binding","Native"
"Native 67",6,"1",-1,-1,"Binding","Native"
"Native 68",6,"1",-1,-1,"Binding","Native"
"Native 69",6,"1",-1,-1,"Binding","Native"
"Native 70",6,"1",-1,-1,"Binding","Native"
"Native 71",6,"0",-1,-1,"Binding","Native"
"Native 72",6,"1",-1,-1,"Binding","Native"
"Native 1",6,"1",1,-1,"Non-Binding","Native"
"Native 2",6,"1",1,-1,"Non-Binding","Native"
"Native 3",6,"1",1,-1,"Non-Binding","Native"
"Native 4",6,"1",1,-1,"Non-Binding","Native"
"Native 5",6,"1",1,-1,"Non-Binding","Native"
"Native 6",6,"1",1,-1,"Non-Binding","Native"
"Native 7",6,"0",1,-1,"Non-Binding","Native"
"Native 8",6,"1",1,-1,"Non-Binding","Native"
"Native 9",6,"1",1,-1,"Non-Binding","Native"
"Native 10",6,"1",1,-1,"Non-Binding","Native"
"Native 11",6,"1",1,-1,"Non-Binding","Native"
"Native 12",6,"1",1,-1,"Non-Binding","Native"
"Native 13",6,"1",1,-1,"Non-Binding","Native"
"Native 14",6,"1",1,-1,"Non-Binding","Native"
"Native 15",6,"0",1,-1,"Non-Binding","Native"
"Native 16",6,"1",1,-1,"Non-Binding","Native"
"Native 17",6,"1",1,-1,"Non-Binding","Native"
"Native 18",6,"1",1,-1,"Non-Binding","Native"
"Native 37",6,"1",1,-1,"Non-Binding","Native"
"Native 38",6,"1",1,-1,"Non-Binding","Native"
"Native 39",6,"1",1,-1,"Non-Binding","Native"
"Native 40",6,"1",1,-1,"Non-Binding","Native"
"Native 41",6,"1",1,-1,"Non-Binding","Native"
"Native 42",6,"1",1,-1,"Non-Binding","Native"
"Native 43",6,"1",1,-1,"Non-Binding","Native"
"Native 44",6,"1",1,-1,"Non-Binding","Native"
"Native 45",6,"1",1,-1,"Non-Binding","Native"
"Native 46",6,"1",1,-1,"Non-Binding","Native"
"Native 47",6,"1",1,-1,"Non-Binding","Native"
"Native 48",6,"1",1,-1,"Non-Binding","Native"
"Native 49",6,"1",1,-1,"Non-Binding","Native"
"Native 50",6,"0",1,-1,"Non-Binding","Native"
"Native 51",6,"1",1,-1,"Non-Binding","Native"
"Native 52",6,"1",1,-1,"Non-Binding","Native"
"Native 53",6,"1",1,-1,"Non-Binding","Native"
"Native 54",6,"1",1,-1,"Non-Binding","Native"
"Native 1",7,"0",-1,-1,"Binding","Native"
"Native 2",7,"1",-1,-1,"Binding","Native"
"Native 3",7,"1",-1,-1,"Binding","Native"
"Native 4",7,"0",-1,-1,"Binding","Native"
"Native 5",7,"1",-1,-1,"Binding","Native"
"Native 6",7,"1",-1,-1,"Binding","Native"
"Native 7",7,"1",-1,-1,"Binding","Native"
"Native 8",7,"1",-1,-1,"Binding","Native"
"Native 9",7,"1",-1,-1,"Binding","Native"
"Native 10",7,"1",-1,-1,"Binding","Native"
"Native 11",7,"1",-1,-1,"Binding","Native"
"Native 12",7,"1",-1,-1,"Binding","Native"
"Native 13",7,"0",-1,-1,"Binding","Native"
"Native 14",7,"1",-1,-1,"Binding","Native"
"Native 15",7,"1",-1,-1,"Binding","Native"
"Native 16",7,"1",-1,-1,"Binding","Native"
"Native 17",7,"1",-1,-1,"Binding","Native"
"Native 18",7,"1",-1,-1,"Binding","Native"
"Native 37",7,"1",-1,-1,"Binding","Native"
"Native 38",7,"1",-1,-1,"Binding","Native"
"Native 39",7,"1",-1,-1,"Binding","Native"
"Native 40",7,"1",-1,-1,"Binding","Native"
"Native 41",7,"1",-1,-1,"Binding","Native"
"Native 42",7,"1",-1,-1,"Binding","Native"
"Native 43",7,"1",-1,-1,"Binding","Native"
"Native 44",7,"1",-1,-1,"Binding","Native"
"Native 45",7,"1",-1,-1,"Binding","Native"
"Native 46",7,"1",-1,-1,"Binding","Native"
"Native 47",7,"1",-1,-1,"Binding","Native"
"Native 48",7,"1",-1,-1,"Binding","Native"
"Native 49",7,"1",-1,-1,"Binding","Native"
"Native 50",7,"1",-1,-1,"Binding","Native"
"Native 51",7,"1",-1,-1,"Binding","Native"
"Native 52",7,"0",-1,-1,"Binding","Native"
"Native 53",7,"1",-1,-1,"Binding","Native"
"Native 54",7,"1",-1,-1,"Binding","Native"
"Native 19",7,"1",1,-1,"Non-Binding","Native"
"Native 20",7,"1",1,-1,"Non-Binding","Native"
"Native 21",7,"1",1,-1,"Non-Binding","Native"
"Native 22",7,"1",1,-1,"Non-Binding","Native"
"Native 23",7,"1",1,-1,"Non-Binding","Native"
"Native 24",7,"1",1,-1,"Non-Binding","Native"
"Native 25",7,"1",1,-1,"Non-Binding","Native"
"Native 26",7,"1",1,-1,"Non-Binding","Native"
"Native 27",7,"1",1,-1,"Non-Binding","Native"
"Native 28",7,"1",1,-1,"Non-Binding","Native"
"Native 29",7,"1",1,-1,"Non-Binding","Native"
"Native 30",7,"1",1,-1,"Non-Binding","Native"
"Native 31",7,"1",1,-1,"Non-Binding","Native"
"Native 32",7,"1",1,-1,"Non-Binding","Native"
"Native 33",7,"1",1,-1,"Non-Binding","Native"
"Native 34",7,"1",1,-1,"Non-Binding","Native"
"Native 35",7,"1",1,-1,"Non-Binding","Native"
"Native 36",7,"1",1,-1,"Non-Binding","Native"
"Native 55",7,"1",1,-1,"Non-Binding","Native"
"Native 56",7,"1",1,-1,"Non-Binding","Native"
"Native 57",7,"1",1,-1,"Non-Binding","Native"
"Native 58",7,"1",1,-1,"Non-Binding","Native"
"Native 59",7,"1",1,-1,"Non-Binding","Native"
"Native 60",7,"1",1,-1,"Non-Binding","Native"
"Native 61",7,"1",1,-1,"Non-Binding","Native"
"Native 62",7,"1",1,-1,"Non-Binding","Native"
"Native 63",7,"1",1,-1,"Non-Binding","Native"
"Native 64",7,"1",1,-1,"Non-Binding","Native"
"Native 65",7,"1",1,-1,"Non-Binding","Native"
"Native 66",7,"1",1,-1,"Non-Binding","Native"
"Native 67",7,"1",1,-1,"Non-Binding","Native"
"Native 68",7,"1",1,-1,"Non-Binding","Native"
"Native 69",7,"1",1,-1,"Non-Binding","Native"
"Native 70",7,"1",1,-1,"Non-Binding","Native"
"Native 71",7,"0",1,-1,"Non-Binding","Native"
"Native 72",7,"0",1,-1,"Non-Binding","Native"
"Native 19",8,"1",-1,-1,"Binding","Native"
"Native 20",8,"1",-1,-1,"Binding","Native"
"Native 21",8,"1",-1,-1,"Binding","Native"
"Native 22",8,"1",-1,-1,"Binding","Native"
"Native 23",8,"1",-1,-1,"Binding","Native"
"Native 24",8,"1",-1,-1,"Binding","Native"
"Native 25",8,"1",-1,-1,"Binding","Native"
"Native 26",8,"1",-1,-1,"Binding","Native"
"Native 27",8,"1",-1,-1,"Binding","Native"
"Native 28",8,"1",-1,-1,"Binding","Native"
"Native 29",8,"1",-1,-1,"Binding","Native"
"Native 30",8,"1",-1,-1,"Binding","Native"
"Native 31",8,"1",-1,-1,"Binding","Native"
"Native 32",8,"1",-1,-1,"Binding","Native"
"Native 33",8,"1",-1,-1,"Binding","Native"
"Native 34",8,"1",-1,-1,"Binding","Native"
"Native 35",8,"1",-1,-1,"Binding","Native"
"Native 36",8,"1",-1,-1,"Binding","Native"
"Native 55",8,"1",-1,-1,"Binding","Native"
"Native 56",8,"1",-1,-1,"Binding","Native"
"Native 57",8,"1",-1,-1,"Binding","Native"
"Native 58",8,"1",-1,-1,"Binding","Native"
"Native 59",8,"1",-1,-1,"Binding","Native"
"Native 60",8,"1",-1,-1,"Binding","Native"
"Native 61",8,"1",-1,-1,"Binding","Native"
"Native 62",8,"1",-1,-1,"Binding","Native"
"Native 63",8,"1",-1,-1,"Binding","Native"
"Native 64",8,"1",-1,-1,"Binding","Native"
"Native 65",8,"1",-1,-1,"Binding","Native"
"Native 66",8,"1",-1,-1,"Binding","Native"
"Native 67",8,"1",-1,-1,"Binding","Native"
"Native 68",8,"1",-1,-1,"Binding","Native"
"Native 69",8,"1",-1,-1,"Binding","Native"
"Native 70",8,"1",-1,-1,"Binding","Native"
"Native 71",8,"1",-1,-1,"Binding","Native"
"Native 72",8,"1",-1,-1,"Binding","Native"
"Native 1",8,"1",1,-1,"Non-Binding","Native"
"Native 2",8,"1",1,-1,"Non-Binding","Native"
"Native 3",8,"1",1,-1,"Non-Binding","Native"
"Native 4",8,"1",1,-1,"Non-Binding","Native"
"Native 5",8,"1",1,-1,"Non-Binding","Native"
"Native 6",8,"1",1,-1,"Non-Binding","Native"
"Native 7",8,"1",1,-1,"Non-Binding","Native"
"Native 8",8,"1",1,-1,"Non-Binding","Native"
"Native 9",8,"1",1,-1,"Non-Binding","Native"
"Native 10",8,"1",1,-1,"Non-Binding","Native"
"Native 11",8,"1",1,-1,"Non-Binding","Native"
"Native 12",8,"0",1,-1,"Non-Binding","Native"
"Native 13",8,"1",1,-1,"Non-Binding","Native"
"Native 14",8,"1",1,-1,"Non-Binding","Native"
"Native 15",8,"1",1,-1,"Non-Binding","Native"
"Native 16",8,"1",1,-1,"Non-Binding","Native"
"Native 17",8,"1",1,-1,"Non-Binding","Native"
"Native 18",8,"1",1,-1,"Non-Binding","Native"
"Native 37",8,"1",1,-1,"Non-Binding","Native"
"Native 38",8,"1",1,-1,"Non-Binding","Native"
"Native 39",8,"1",1,-1,"Non-Binding","Native"
"Native 40",8,"1",1,-1,"Non-Binding","Native"
"Native 41",8,"1",1,-1,"Non-Binding","Native"
"Native 42",8,"1",1,-1,"Non-Binding","Native"
"Native 43",8,"1",1,-1,"Non-Binding","Native"
"Native 44",8,"1",1,-1,"Non-Binding","Native"
"Native 45",8,"1",1,-1,"Non-Binding","Native"
"Native 46",8,"1",1,-1,"Non-Binding","Native"
"Native 47",8,"1",1,-1,"Non-Binding","Native"
"Native 48",8,"1",1,-1,"Non-Binding","Native"
"Native 49",8,"1",1,-1,"Non-Binding","Native"
"Native 50",8,"1",1,-1,"Non-Binding","Native"
"Native 51",8,"1",1,-1,"Non-Binding","Native"
"Native 52",8,"1",1,-1,"Non-Binding","Native"
"Native 53",8,"1",1,-1,"Non-Binding","Native"
"Native 54",8,"1",1,-1,"Non-Binding","Native"
"Native 1",9,"1",-1,-1,"Binding","Native"
"Native 2",9,"1",-1,-1,"Binding","Native"
"Native 3",9,"1",-1,-1,"Binding","Native"
"Native 4",9,"0",-1,-1,"Binding","Native"
"Native 5",9,"1",-1,-1,"Binding","Native"
"Native 6",9,"1",-1,-1,"Binding","Native"
"Native 7",9,"1",-1,-1,"Binding","Native"
"Native 8",9,"1",-1,-1,"Binding","Native"
"Native 9",9,"1",-1,-1,"Binding","Native"
"Native 10",9,"1",-1,-1,"Binding","Native"
"Native 11",9,"1",-1,-1,"Binding","Native"
"Native 12",9,"1",-1,-1,"Binding","Native"
"Native 13",9,"1",-1,-1,"Binding","Native"
"Native 14",9,"1",-1,-1,"Binding","Native"
"Native 15",9,"1",-1,-1,"Binding","Native"
"Native 16",9,"1",-1,-1,"Binding","Native"
"Native 17",9,"1",-1,-1,"Binding","Native"
"Native 18",9,"1",-1,-1,"Binding","Native"
"Native 37",9,"1",-1,-1,"Binding","Native"
"Native 38",9,"1",-1,-1,"Binding","Native"
"Native 39",9,"1",-1,-1,"Binding","Native"
"Native 40",9,"1",-1,-1,"Binding","Native"
"Native 41",9,"1",-1,-1,"Binding","Native"
"Native 42",9,"1",-1,-1,"Binding","Native"
"Native 43",9,"1",-1,-1,"Binding","Native"
"Native 44",9,"1",-1,-1,"Binding","Native"
"Native 45",9,"1",-1,-1,"Binding","Native"
"Native 46",9,"1",-1,-1,"Binding","Native"
"Native 47",9,"1",-1,-1,"Binding","Native"
"Native 48",9,"1",-1,-1,"Binding","Native"
"Native 49",9,"1",-1,-1,"Binding","Native"
"Native 50",9,"1",-1,-1,"Binding","Native"
"Native 51",9,"1",-1,-1,"Binding","Native"
"Native 52",9,"1",-1,-1,"Binding","Native"
"Native 53",9,"1",-1,-1,"Binding","Native"
"Native 54",9,"1",-1,-1,"Binding","Native"
"Native 19",9,"1",1,-1,"Non-Binding","Native"
"Native 20",9,"1",1,-1,"Non-Binding","Native"
"Native 21",9,"1",1,-1,"Non-Binding","Native"
"Native 22",9,"0",1,-1,"Non-Binding","Native"
"Native 23",9,"1",1,-1,"Non-Binding","Native"
"Native 24",9,"1",1,-1,"Non-Binding","Native"
"Native 25",9,"1",1,-1,"Non-Binding","Native"
"Native 26",9,"1",1,-1,"Non-Binding","Native"
"Native 27",9,"1",1,-1,"Non-Binding","Native"
"Native 28",9,"1",1,-1,"Non-Binding","Native"
"Native 29",9,"1",1,-1,"Non-Binding","Native"
"Native 30",9,"1",1,-1,"Non-Binding","Native"
"Native 31",9,"1",1,-1,"Non-Binding","Native"
"Native 32",9,"1",1,-1,"Non-Binding","Native"
"Native 33",9,"1",1,-1,"Non-Binding","Native"
"Native 34",9,"1",1,-1,"Non-Binding","Native"
"Native 35",9,"1",1,-1,"Non-Binding","Native"
"Native 36",9,"1",1,-1,"Non-Binding","Native"
"Native 55",9,"1",1,-1,"Non-Binding","Native"
"Native 56",9,"1",1,-1,"Non-Binding","Native"
"Native 57",9,"1",1,-1,"Non-Binding","Native"
"Native 58",9,"1",1,-1,"Non-Binding","Native"
"Native 59",9,"1",1,-1,"Non-Binding","Native"
"Native 60",9,"1",1,-1,"Non-Binding","Native"
"Native 61",9,"1",1,-1,"Non-Binding","Native"
"Native 62",9,"1",1,-1,"Non-Binding","Native"
"Native 63",9,"1",1,-1,"Non-Binding","Native"
"Native 64",9,"1",1,-1,"Non-Binding","Native"
"Native 65",9,"0",1,-1,"Non-Binding","Native"
"Native 66",9,"1",1,-1,"Non-Binding","Native"
"Native 67",9,"1",1,-1,"Non-Binding","Native"
"Native 68",9,"1",1,-1,"Non-Binding","Native"
"Native 69",9,"1",1,-1,"Non-Binding","Native"
"Native 70",9,"1",1,-1,"Non-Binding","Native"
"Native 71",9,"1",1,-1,"Non-Binding","Native"
"Native 72",9,"1",1,-1,"Non-Binding","Native"
"Native 19",10,"0",-1,-1,"Binding","Native"
"Native 20",10,"1",-1,-1,"Binding","Native"
"Native 21",10,"1",-1,-1,"Binding","Native"
"Native 22",10,"1",-1,-1,"Binding","Native"
"Native 23",10,"1",-1,-1,"Binding","Native"
"Native 24",10,"1",-1,-1,"Binding","Native"
"Native 25",10,"1",-1,-1,"Binding","Native"
"Native 26",10,"0",-1,-1,"Binding","Native"
"Native 27",10,"1",-1,-1,"Binding","Native"
"Native 28",10,"0",-1,-1,"Binding","Native"
"Native 29",10,"1",-1,-1,"Binding","Native"
"Native 30",10,"1",-1,-1,"Binding","Native"
"Native 31",10,"0",-1,-1,"Binding","Native"
"Native 32",10,"1",-1,-1,"Binding","Native"
"Native 33",10,"1",-1,-1,"Binding","Native"
"Native 34",10,"0",-1,-1,"Binding","Native"
"Native 35",10,"1",-1,-1,"Binding","Native"
"Native 36",10,"1",-1,-1,"Binding","Native"
"Native 55",10,"1",-1,-1,"Binding","Native"
"Native 56",10,"1",-1,-1,"Binding","Native"
"Native 57",10,"1",-1,-1,"Binding","Native"
"Native 58",10,"1",-1,-1,"Binding","Native"
"Native 59",10,"1",-1,-1,"Binding","Native"
"Native 60",10,"1",-1,-1,"Binding","Native"
"Native 61",10,"0",-1,-1,"Binding","Native"
"Native 62",10,"1",-1,-1,"Binding","Native"
"Native 63",10,"1",-1,-1,"Binding","Native"
"Native 64",10,"1",-1,-1,"Binding","Native"
"Native 65",10,"1",-1,-1,"Binding","Native"
"Native 66",10,"1",-1,-1,"Binding","Native"
"Native 67",10,"1",-1,-1,"Binding","Native"
"Native 68",10,"1",-1,-1,"Binding","Native"
"Native 69",10,"1",-1,-1,"Binding","Native"
"Native 70",10,"1",-1,-1,"Binding","Native"
"Native 71",10,"0",-1,-1,"Binding","Native"
"Native 72",10,"1",-1,-1,"Binding","Native"
"Native 1",10,"1",1,-1,"Non-Binding","Native"
"Native 2",10,"1",1,-1,"Non-Binding","Native"
"Native 3",10,"1",1,-1,"Non-Binding","Native"
"Native 4",10,"1",1,-1,"Non-Binding","Native"
"Native 5",10,"1",1,-1,"Non-Binding","Native"
"Native 6",10,"1",1,-1,"Non-Binding","Native"
"Native 7",10,"1",1,-1,"Non-Binding","Native"
"Native 8",10,"1",1,-1,"Non-Binding","Native"
"Native 9",10,"1",1,-1,"Non-Binding","Native"
"Native 10",10,"1",1,-1,"Non-Binding","Native"
"Native 11",10,"1",1,-1,"Non-Binding","Native"
"Native 12",10,"1",1,-1,"Non-Binding","Native"
"Native 13",10,"1",1,-1,"Non-Binding","Native"
"Native 14",10,"1",1,-1,"Non-Binding","Native"
"Native 15",10,"1",1,-1,"Non-Binding","Native"
"Native 16",10,"1",1,-1,"Non-Binding","Native"
"Native 17",10,"1",1,-1,"Non-Binding","Native"
"Native 18",10,"1",1,-1,"Non-Binding","Native"
"Native 37",10,"1",1,-1,"Non-Binding","Native"
"Native 38",10,"1",1,-1,"Non-Binding","Native"
"Native 39",10,"1",1,-1,"Non-Binding","Native"
"Native 40",10,"1",1,-1,"Non-Binding","Native"
"Native 41",10,"1",1,-1,"Non-Binding","Native"
"Native 42",10,"1",1,-1,"Non-Binding","Native"
"Native 43",10,"1",1,-1,"Non-Binding","Native"
"Native 44",10,"1",1,-1,"Non-Binding","Native"
"Native 45",10,"1",1,-1,"Non-Binding","Native"
"Native 46",10,"1",1,-1,"Non-Binding","Native"
"Native 47",10,"1",1,-1,"Non-Binding","Native"
"Native 48",10,"1",1,-1,"Non-Binding","Native"
"Native 49",10,"1",1,-1,"Non-Binding","Native"
"Native 50",10,"1",1,-1,"Non-Binding","Native"
"Native 51",10,"1",1,-1,"Non-Binding","Native"
"Native 52",10,"1",1,-1,"Non-Binding","Native"
"Native 53",10,"1",1,-1,"Non-Binding","Native"
"Native 54",10,"1",1,-1,"Non-Binding","Native"
"Native 1",11,"1",-1,-1,"Binding","Native"
"Native 2",11,"1",-1,-1,"Binding","Native"
"Native 3",11,"1",-1,-1,"Binding","Native"
"Native 4",11,"1",-1,-1,"Binding","Native"
"Native 5",11,"1",-1,-1,"Binding","Native"
"Native 6",11,"1",-1,-1,"Binding","Native"
"Native 7",11,"1",-1,-1,"Binding","Native"
"Native 8",11,"1",-1,-1,"Binding","Native"
"Native 9",11,"1",-1,-1,"Binding","Native"
"Native 10",11,"1",-1,-1,"Binding","Native"
"Native 11",11,"1",-1,-1,"Binding","Native"
"Native 12",11,"1",-1,-1,"Binding","Native"
"Native 13",11,"1",-1,-1,"Binding","Native"
"Native 14",11,"1",-1,-1,"Binding","Native"
"Native 15",11,"1",-1,-1,"Binding","Native"
"Native 16",11,"1",-1,-1,"Binding","Native"
"Native 17",11,"1",-1,-1,"Binding","Native"
"Native 18",11,"1",-1,-1,"Binding","Native"
"Native 37",11,"1",-1,-1,"Binding","Native"
"Native 38",11,"1",-1,-1,"Binding","Native"
"Native 39",11,"1",-1,-1,"Binding","Native"
"Native 40",11,"1",-1,-1,"Binding","Native"
"Native 41",11,"1",-1,-1,"Binding","Native"
"Native 42",11,"1",-1,-1,"Binding","Native"
"Native 43",11,"1",-1,-1,"Binding","Native"
"Native 44",11,"1",-1,-1,"Binding","Native"
"Native 45",11,"1",-1,-1,"Binding","Native"
"Native 46",11,"1",-1,-1,"Binding","Native"
"Native 47",11,"1",-1,-1,"Binding","Native"
"Native 48",11,"1",-1,-1,"Binding","Native"
"Native 49",11,"1",-1,-1,"Binding","Native"
"Native 50",11,"1",-1,-1,"Binding","Native"
"Native 51",11,"1",-1,-1,"Binding","Native"
"Native 52",11,"1",-1,-1,"Binding","Native"
"Native 53",11,"1",-1,-1,"Binding","Native"
"Native 54",11,"1",-1,-1,"Binding","Native"
"Native 19",11,"1",1,-1,"Non-Binding","Native"
"Native 20",11,"1",1,-1,"Non-Binding","Native"
"Native 21",11,"1",1,-1,"Non-Binding","Native"
"Native 22",11,"1",1,-1,"Non-Binding","Native"
"Native 23",11,"1",1,-1,"Non-Binding","Native"
"Native 24",11,"1",1,-1,"Non-Binding","Native"
"Native 25",11,"1",1,-1,"Non-Binding","Native"
"Native 26",11,"1",1,-1,"Non-Binding","Native"
"Native 27",11,"1",1,-1,"Non-Binding","Native"
"Native 28",11,"0",1,-1,"Non-Binding","Native"
"Native 29",11,"1",1,-1,"Non-Binding","Native"
"Native 30",11,"1",1,-1,"Non-Binding","Native"
"Native 31",11,"1",1,-1,"Non-Binding","Native"
"Native 32",11,"1",1,-1,"Non-Binding","Native"
"Native 33",11,"1",1,-1,"Non-Binding","Native"
"Native 34",11,"1",1,-1,"Non-Binding","Native"
"Native 35",11,"1",1,-1,"Non-Binding","Native"
"Native 36",11,"1",1,-1,"Non-Binding","Native"
"Native 55",11,"1",1,-1,"Non-Binding","Native"
"Native 56",11,"1",1,-1,"Non-Binding","Native"
"Native 57",11,"1",1,-1,"Non-Binding","Native"
"Native 58",11,"1",1,-1,"Non-Binding","Native"
"Native 59",11,"0",1,-1,"Non-Binding","Native"
"Native 60",11,"1",1,-1,"Non-Binding","Native"
"Native 61",11,"1",1,-1,"Non-Binding","Native"
"Native 62",11,"1",1,-1,"Non-Binding","Native"
"Native 63",11,"1",1,-1,"Non-Binding","Native"
"Native 64",11,"1",1,-1,"Non-Binding","Native"
"Native 65",11,"0",1,-1,"Non-Binding","Native"
"Native 66",11,"1",1,-1,"Non-Binding","Native"
"Native 67",11,"1",1,-1,"Non-Binding","Native"
"Native 68",11,"1",1,-1,"Non-Binding","Native"
"Native 69",11,"1",1,-1,"Non-Binding","Native"
"Native 70",11,"1",1,-1,"Non-Binding","Native"
"Native 71",11,"1",1,-1,"Non-Binding","Native"
"Native 72",11,"0",1,-1,"Non-Binding","Native"
"Native 19",12,"1",-1,-1,"Binding","Native"
"Native 20",12,"0",-1,-1,"Binding","Native"
"Native 21",12,"1",-1,-1,"Binding","Native"
"Native 22",12,"1",-1,-1,"Binding","Native"
"Native 23",12,"1",-1,-1,"Binding","Native"
"Native 24",12,"1",-1,-1,"Binding","Native"
"Native 25",12,"1",-1,-1,"Binding","Native"
"Native 26",12,"1",-1,-1,"Binding","Native"
"Native 27",12,"0",-1,-1,"Binding","Native"
"Native 28",12,"1",-1,-1,"Binding","Native"
"Native 29",12,"1",-1,-1,"Binding","Native"
"Native 30",12,"1",-1,-1,"Binding","Native"
"Native 31",12,"1",-1,-1,"Binding","Native"
"Native 32",12,"1",-1,-1,"Binding","Native"
"Native 33",12,"1",-1,-1,"Binding","Native"
"Native 34",12,"1",-1,-1,"Binding","Native"
"Native 35",12,"1",-1,-1,"Binding","Native"
"Native 36",12,"1",-1,-1,"Binding","Native"
"Native 55",12,"1",-1,-1,"Binding","Native"
"Native 56",12,"1",-1,-1,"Binding","Native"
"Native 57",12,"1",-1,-1,"Binding","Native"
"Native 58",12,"1",-1,-1,"Binding","Native"
"Native 59",12,"1",-1,-1,"Binding","Native"
"Native 60",12,"1",-1,-1,"Binding","Native"
"Native 61",12,"1",-1,-1,"Binding","Native"
"Native 62",12,"1",-1,-1,"Binding","Native"
"Native 63",12,"1",-1,-1,"Binding","Native"
"Native 64",12,"1",-1,-1,"Binding","Native"
"Native 65",12,"1",-1,-1,"Binding","Native"
"Native 66",12,"0",-1,-1,"Binding","Native"
"Native 67",12,"1",-1,-1,"Binding","Native"
"Native 68",12,"1",-1,-1,"Binding","Native"
"Native 69",12,"1",-1,-1,"Binding","Native"
"Native 70",12,"1",-1,-1,"Binding","Native"
"Native 71",12,"0",-1,-1,"Binding","Native"
"Native 72",12,"1",-1,-1,"Binding","Native"
"Native 1",12,"1",1,-1,"Non-Binding","Native"
"Native 2",12,"1",1,-1,"Non-Binding","Native"
"Native 3",12,"1",1,-1,"Non-Binding","Native"
"Native 4",12,"1",1,-1,"Non-Binding","Native"
"Native 5",12,"1",1,-1,"Non-Binding","Native"
"Native 6",12,"1",1,-1,"Non-Binding","Native"
"Native 7",12,"1",1,-1,"Non-Binding","Native"
"Native 8",12,"1",1,-1,"Non-Binding","Native"
"Native 9",12,"1",1,-1,"Non-Binding","Native"
"Native 10",12,"1",1,-1,"Non-Binding","Native"
"Native 11",12,"1",1,-1,"Non-Binding","Native"
"Native 12",12,"1",1,-1,"Non-Binding","Native"
"Native 13",12,"0",1,-1,"Non-Binding","Native"
"Native 14",12,"1",1,-1,"Non-Binding","Native"
"Native 15",12,"1",1,-1,"Non-Binding","Native"
"Native 16",12,"1",1,-1,"Non-Binding","Native"
"Native 17",12,"1",1,-1,"Non-Binding","Native"
"Native 18",12,"1",1,-1,"Non-Binding","Native"
"Native 37",12,"1",1,-1,"Non-Binding","Native"
"Native 38",12,"1",1,-1,"Non-Binding","Native"
"Native 39",12,"1",1,-1,"Non-Binding","Native"
"Native 40",12,"1",1,-1,"Non-Binding","Native"
"Native 41",12,"1",1,-1,"Non-Binding","Native"
"Native 42",12,"1",1,-1,"Non-Binding","Native"
"Native 43",12,"1",1,-1,"Non-Binding","Native"
"Native 44",12,"1",1,-1,"Non-Binding","Native"
"Native 45",12,"1",1,-1,"Non-Binding","Native"
"Native 46",12,"1",1,-1,"Non-Binding","Native"
"Native 47",12,"1",1,-1,"Non-Binding","Native"
"Native 48",12,"1",1,-1,"Non-Binding","Native"
"Native 49",12,"1",1,-1,"Non-Binding","Native"
"Native 50",12,"1",1,-1,"Non-Binding","Native"
"Native 51",12,"1",1,-1,"Non-Binding","Native"
"Native 52",12,"1",1,-1,"Non-Binding","Native"
"Native 53",12,"1",1,-1,"Non-Binding","Native"
"Native 54",12,"0",1,-1,"Non-Binding","Native"
"Non-Native 4",1,"1",-1,1,"Binding","Non-Native"
"Non-Native 5",1,"1",-1,1,"Binding","Non-Native"
"Non-Native 7",1,"1",-1,1,"Binding","Non-Native"
"Non-Native 13",1,"1",-1,1,"Binding","Non-Native"
"Non-Native 15",1,"1",-1,1,"Binding","Non-Native"
"Non-Native 16",1,"1",-1,1,"Binding","Non-Native"
"Non-Native 18",1,"1",-1,1,"Binding","Non-Native"
"Non-Native 19",1,"1",-1,1,"Binding","Non-Native"
"Non-Native 21",1,"1",-1,1,"Binding","Non-Native"
"Non-Native 22",1,"1",-1,1,"Binding","Non-Native"
"Non-Native 23",1,"0",-1,1,"Binding","Non-Native"
"Non-Native 24",1,"0",-1,1,"Binding","Non-Native"
"Non-Native 25",1,"0",-1,1,"Binding","Non-Native"
"Non-Native 26",1,"1",-1,1,"Binding","Non-Native"
"Non-Native 30",1,"1",-1,1,"Binding","Non-Native"
"Non-Native 33",1,"1",-1,1,"Binding","Non-Native"
"Non-Native 34",1,"1",-1,1,"Binding","Non-Native"
"Non-Native 35",1,"0",-1,1,"Binding","Non-Native"
"Non-Native 36",1,"1",-1,1,"Binding","Non-Native"
"Non-Native 37",1,"1",-1,1,"Binding","Non-Native"
"Non-Native 39",1,"1",-1,1,"Binding","Non-Native"
"Non-Native 44",1,"1",-1,1,"Binding","Non-Native"
"Non-Native 47",1,"1",-1,1,"Binding","Non-Native"
"Non-Native 50",1,"1",-1,1,"Binding","Non-Native"
"Non-Native 51",1,"1",-1,1,"Binding","Non-Native"
"Non-Native 55",1,"1",-1,1,"Binding","Non-Native"
"Non-Native 1",1,"1",1,1,"Non-Binding","Non-Native"
"Non-Native 2",1,"0",1,1,"Non-Binding","Non-Native"
"Non-Native 3",1,"1",1,1,"Non-Binding","Non-Native"
"Non-Native 6",1,"1",1,1,"Non-Binding","Non-Native"
"Non-Native 8",1,"1",1,1,"Non-Binding","Non-Native"
"Non-Native 9",1,"0",1,1,"Non-Binding","Non-Native"
"Non-Native 10",1,"1",1,1,"Non-Binding","Non-Native"
"Non-Native 11",1,"1",1,1,"Non-Binding","Non-Native"
"Non-Native 12",1,"1",1,1,"Non-Binding","Non-Native"
"Non-Native 14",1,"1",1,1,"Non-Binding","Non-Native"
"Non-Native 17",1,"0",1,1,"Non-Binding","Non-Native"
"Non-Native 20",1,"1",1,1,"Non-Binding","Non-Native"
"Non-Native 27",1,"1",1,1,"Non-Binding","Non-Native"
"Non-Native 28",1,"1",1,1,"Non-Binding","Non-Native"
"Non-Native 29",1,"1",1,1,"Non-Binding","Non-Native"
"Non-Native 31",1,"0",1,1,"Non-Binding","Non-Native"
"Non-Native 32",1,"0",1,1,"Non-Binding","Non-Native"
"Non-Native 38",1,"1",1,1,"Non-Binding","Non-Native"
"Non-Native 40",1,"1",1,1,"Non-Binding","Non-Native"
"Non-Native 41",1,"1",1,1,"Non-Binding","Non-Native"
"Non-Native 42",1,"1",1,1,"Non-Binding","Non-Native"
"Non-Native 43",1,"1",1,1,"Non-Binding","Non-Native"
"Non-Native 45",1,"1",1,1,"Non-Binding","Non-Native"
"Non-Native 46",1,"1",1,1,"Non-Binding","Non-Native"
"Non-Native 48",1,"1",1,1,"Non-Binding","Non-Native"
"Non-Native 49",1,"1",1,1,"Non-Binding","Non-Native"
"Non-Native 52",1,"1",1,1,"Non-Binding","Non-Native"
"Non-Native 53",1,"1",1,1,"Non-Binding","Non-Native"
"Non-Native 54",1,"1",1,1,"Non-Binding","Non-Native"
"Non-Native 56",1,"1",1,1,"Non-Binding","Non-Native"
"Non-Native 1",2,"0",-1,1,"Binding","Non-Native"
"Non-Native 2",2,"0",-1,1,"Binding","Non-Native"
"Non-Native 3",2,"1",-1,1,"Binding","Non-Native"
"Non-Native 6",2,"1",-1,1,"Binding","Non-Native"
"Non-Native 8",2,"1",-1,1,"Binding","Non-Native"
"Non-Native 9",2,"1",-1,1,"Binding","Non-Native"
"Non-Native 10",2,"1",-1,1,"Binding","Non-Native"
"Non-Native 11",2,"1",-1,1,"Binding","Non-Native"
"Non-Native 12",2,"1",-1,1,"Binding","Non-Native"
"Non-Native 14",2,"0",-1,1,"Binding","Non-Native"
"Non-Native 17",2,"0",-1,1,"Binding","Non-Native"
"Non-Native 20",2,"1",-1,1,"Binding","Non-Native"
"Non-Native 27",2,"1",-1,1,"Binding","Non-Native"
"Non-Native 28",2,"1",-1,1,"Binding","Non-Native"
"Non-Native 29",2,"1",-1,1,"Binding","Non-Native"
"Non-Native 31",2,"0",-1,1,"Binding","Non-Native"
"Non-Native 32",2,"1",-1,1,"Binding","Non-Native"
"Non-Native 38",2,"1",-1,1,"Binding","Non-Native"
"Non-Native 40",2,"1",-1,1,"Binding","Non-Native"
"Non-Native 41",2,"1",-1,1,"Binding","Non-Native"
"Non-Native 42",2,"1",-1,1,"Binding","Non-Native"
"Non-Native 43",2,"1",-1,1,"Binding","Non-Native"
"Non-Native 45",2,"1",-1,1,"Binding","Non-Native"
"Non-Native 46",2,"1",-1,1,"Binding","Non-Native"
"Non-Native 48",2,"1",-1,1,"Binding","Non-Native"
"Non-Native 49",2,"1",-1,1,"Binding","Non-Native"
"Non-Native 52",2,"1",-1,1,"Binding","Non-Native"
"Non-Native 53",2,"1",-1,1,"Binding","Non-Native"
"Non-Native 54",2,"0",-1,1,"Binding","Non-Native"
"Non-Native 56",2,"1",-1,1,"Binding","Non-Native"
"Non-Native 4",2,"1",1,1,"Non-Binding","Non-Native"
"Non-Native 5",2,"0",1,1,"Non-Binding","Non-Native"
"Non-Native 7",2,"1",1,1,"Non-Binding","Non-Native"
"Non-Native 13",2,"1",1,1,"Non-Binding","Non-Native"
"Non-Native 15",2,"1",1,1,"Non-Binding","Non-Native"
"Non-Native 16",2,"0",1,1,"Non-Binding","Non-Native"
"Non-Native 18",2,"1",1,1,"Non-Binding","Non-Native"
"Non-Native 19",2,"1",1,1,"Non-Binding","Non-Native"
"Non-Native 21",2,"1",1,1,"Non-Binding","Non-Native"
"Non-Native 22",2,"1",1,1,"Non-Binding","Non-Native"
"Non-Native 23",2,"1",1,1,"Non-Binding","Non-Native"
"Non-Native 24",2,"1",1,1,"Non-Binding","Non-Native"
"Non-Native 25",2,"1",1,1,"Non-Binding","Non-Native"
"Non-Native 26",2,"1",1,1,"Non-Binding","Non-Native"
"Non-Native 30",2,"1",1,1,"Non-Binding","Non-Native"
"Non-Native 33",2,"1",1,1,"Non-Binding","Non-Native"
"Non-Native 34",2,"1",1,1,"Non-Binding","Non-Native"
"Non-Native 35",2,"1",1,1,"Non-Binding","Non-Native"
"Non-Native 36",2,"1",1,1,"Non-Binding","Non-Native"
"Non-Native 37",2,"1",1,1,"Non-Binding","Non-Native"
"Non-Native 39",2,"1",1,1,"Non-Binding","Non-Native"
"Non-Native 44",2,"1",1,1,"Non-Binding","Non-Native"
"Non-Native 47",2,"1",1,1,"Non-Binding","Non-Native"
"Non-Native 50",2,"0",1,1,"Non-Binding","Non-Native"
"Non-Native 51",2,"1",1,1,"Non-Binding","Non-Native"
"Non-Native 55",2,"1",1,1,"Non-Binding","Non-Native"
"Non-Native 4",3,"1",-1,1,"Binding","Non-Native"
"Non-Native 5",3,"1",-1,1,"Binding","Non-Native"
"Non-Native 7",3,"1",-1,1,"Binding","Non-Native"
"Non-Native 13",3,"1",-1,1,"Binding","Non-Native"
"Non-Native 15",3,"1",-1,1,"Binding","Non-Native"
"Non-Native 16",3,"0",-1,1,"Binding","Non-Native"
"Non-Native 18",3,"1",-1,1,"Binding","Non-Native"
"Non-Native 19",3,"1",-1,1,"Binding","Non-Native"
"Non-Native 21",3,"1",-1,1,"Binding","Non-Native"
"Non-Native 22",3,"1",-1,1,"Binding","Non-Native"
"Non-Native 23",3,"1",-1,1,"Binding","Non-Native"
"Non-Native 24",3,"0",-1,1,"Binding","Non-Native"
"Non-Native 25",3,"0",-1,1,"Binding","Non-Native"
"Non-Native 26",3,"0",-1,1,"Binding","Non-Native"
"Non-Native 30",3,"1",-1,1,"Binding","Non-Native"
"Non-Native 33",3,"1",-1,1,"Binding","Non-Native"
"Non-Native 34",3,"1",-1,1,"Binding","Non-Native"
"Non-Native 35",3,"1",-1,1,"Binding","Non-Native"
"Non-Native 36",3,"1",-1,1,"Binding","Non-Native"
"Non-Native 37",3,"1",-1,1,"Binding","Non-Native"
"Non-Native 39",3,"1",-1,1,"Binding","Non-Native"
"Non-Native 44",3,"1",-1,1,"Binding","Non-Native"
"Non-Native 47",3,"0",-1,1,"Binding","Non-Native"
"Non-Native 50",3,"1",-1,1,"Binding","Non-Native"
"Non-Native 51",3,"1",-1,1,"Binding","Non-Native"
"Non-Native 55",3,"1",-1,1,"Binding","Non-Native"
"Non-Native 1",3,"1",1,1,"Non-Binding","Non-Native"
"Non-Native 2",3,"1",1,1,"Non-Binding","Non-Native"
"Non-Native 3",3,"1",1,1,"Non-Binding","Non-Native"
"Non-Native 6",3,"1",1,1,"Non-Binding","Non-Native"
"Non-Native 8",3,"1",1,1,"Non-Binding","Non-Native"
"Non-Native 9",3,"1",1,1,"Non-Binding","Non-Native"
"Non-Native 10",3,"1",1,1,"Non-Binding","Non-Native"
"Non-Native 11",3,"0",1,1,"Non-Binding","Non-Native"
"Non-Native 12",3,"1",1,1,"Non-Binding","Non-Native"
"Non-Native 14",3,"0",1,1,"Non-Binding","Non-Native"
"Non-Native 17",3,"1",1,1,"Non-Binding","Non-Native"
"Non-Native 20",3,"0",1,1,"Non-Binding","Non-Native"
"Non-Native 27",3,"1",1,1,"Non-Binding","Non-Native"
"Non-Native 28",3,"1",1,1,"Non-Binding","Non-Native"
"Non-Native 29",3,"0",1,1,"Non-Binding","Non-Native"
"Non-Native 31",3,"0",1,1,"Non-Binding","Non-Native"
"Non-Native 32",3,"1",1,1,"Non-Binding","Non-Native"
"Non-Native 38",3,"1",1,1,"Non-Binding","Non-Native"
"Non-Native 40",3,"1",1,1,"Non-Binding","Non-Native"
"Non-Native 41",3,"1",1,1,"Non-Binding","Non-Native"
"Non-Native 42",3,"1",1,1,"Non-Binding","Non-Native"
"Non-Native 43",3,"1",1,1,"Non-Binding","Non-Native"
"Non-Native 45",3,"1",1,1,"Non-Binding","Non-Native"
"Non-Native 46",3,"1",1,1,"Non-Binding","Non-Native"
"Non-Native 48",3,"1",1,1,"Non-Binding","Non-Native"
"Non-Native 49",3,"1",1,1,"Non-Binding","Non-Native"
"Non-Native 52",3,"1",1,1,"Non-Binding","Non-Native"
"Non-Native 53",3,"1",1,1,"Non-Binding","Non-Native"
"Non-Native 54",3,"1",1,1,"Non-Binding","Non-Native"
"Non-Native 56",3,"0",1,1,"Non-Binding","Non-Native"
"Non-Native 1",4,"1",-1,1,"Binding","Non-Native"
"Non-Native 2",4,"1",-1,1,"Binding","Non-Native"
"Non-Native 3",4,"1",-1,1,"Binding","Non-Native"
"Non-Native 6",4,"1",-1,1,"Binding","Non-Native"
"Non-Native 8",4,"1",-1,1,"Binding","Non-Native"
"Non-Native 9",4,"1",-1,1,"Binding","Non-Native"
"Non-Native 10",4,"1",-1,1,"Binding","Non-Native"
"Non-Native 11",4,"1",-1,1,"Binding","Non-Native"
"Non-Native 12",4,"1",-1,1,"Binding","Non-Native"
"Non-Native 14",4,"1",-1,1,"Binding","Non-Native"
"Non-Native 17",4,"1",-1,1,"Binding","Non-Native"
"Non-Native 20",4,"1",-1,1,"Binding","Non-Native"
"Non-Native 27",4,"1",-1,1,"Binding","Non-Native"
"Non-Native 28",4,"0",-1,1,"Binding","Non-Native"
"Non-Native 29",4,"1",-1,1,"Binding","Non-Native"
"Non-Native 31",4,"0",-1,1,"Binding","Non-Native"
"Non-Native 32",4,"1",-1,1,"Binding","Non-Native"
"Non-Native 38",4,"1",-1,1,"Binding","Non-Native"
"Non-Native 40",4,"1",-1,1,"Binding","Non-Native"
"Non-Native 41",4,"1",-1,1,"Binding","Non-Native"
"Non-Native 42",4,"1",-1,1,"Binding","Non-Native"
"Non-Native 43",4,"1",-1,1,"Binding","Non-Native"
"Non-Native 45",4,"1",-1,1,"Binding","Non-Native"
"Non-Native 46",4,"1",-1,1,"Binding","Non-Native"
"Non-Native 48",4,"1",-1,1,"Binding","Non-Native"
"Non-Native 49",4,"1",-1,1,"Binding","Non-Native"
"Non-Native 52",4,"1",-1,1,"Binding","Non-Native"
"Non-Native 53",4,"0",-1,1,"Binding","Non-Native"
"Non-Native 54",4,"1",-1,1,"Binding","Non-Native"
"Non-Native 56",4,"0",-1,1,"Binding","Non-Native"
"Non-Native 4",4,"0",1,1,"Non-Binding","Non-Native"
"Non-Native 5",4,"1",1,1,"Non-Binding","Non-Native"
"Non-Native 7",4,"1",1,1,"Non-Binding","Non-Native"
"Non-Native 13",4,"1",1,1,"Non-Binding","Non-Native"
"Non-Native 15",4,"1",1,1,"Non-Binding","Non-Native"
"Non-Native 16",4,"1",1,1,"Non-Binding","Non-Native"
"Non-Native 18",4,"1",1,1,"Non-Binding","Non-Native"
"Non-Native 19",4,"1",1,1,"Non-Binding","Non-Native"
"Non-Native 21",4,"1",1,1,"Non-Binding","Non-Native"
"Non-Native 22",4,"1",1,1,"Non-Binding","Non-Native"
"Non-Native 23",4,"1",1,1,"Non-Binding","Non-Native"
"Non-Native 24",4,"0",1,1,"Non-Binding","Non-Native"
"Non-Native 25",4,"0",1,1,"Non-Binding","Non-Native"
"Non-Native 26",4,"1",1,1,"Non-Binding","Non-Native"
"Non-Native 30",4,"0",1,1,"Non-Binding","Non-Native"
"Non-Native 33",4,"1",1,1,"Non-Binding","Non-Native"
"Non-Native 34",4,"1",1,1,"Non-Binding","Non-Native"
"Non-Native 35",4,"1",1,1,"Non-Binding","Non-Native"
"Non-Native 36",4,"1",1,1,"Non-Binding","Non-Native"
"Non-Native 37",4,"1",1,1,"Non-Binding","Non-Native"
"Non-Native 39",4,"0",1,1,"Non-Binding","Non-Native"
"Non-Native 44",4,"1",1,1,"Non-Binding","Non-Native"
"Non-Native 47",4,"1",1,1,"Non-Binding","Non-Native"
"Non-Native 50",4,"1",1,1,"Non-Binding","Non-Native"
"Non-Native 51",4,"1",1,1,"Non-Binding","Non-Native"
"Non-Native 55",4,"1",1,1,"Non-Binding","Non-Native"
"Non-Native 4",5,"1",-1,1,"Binding","Non-Native"
"Non-Native 5",5,"1",-1,1,"Binding","Non-Native"
"Non-Native 7",5,"1",-1,1,"Binding","Non-Native"
"Non-Native 13",5,"1",-1,1,"Binding","Non-Native"
"Non-Native 15",5,"1",-1,1,"Binding","Non-Native"
"Non-Native 16",5,"1",-1,1,"Binding","Non-Native"
"Non-Native 18",5,"1",-1,1,"Binding","Non-Native"
"Non-Native 19",5,"1",-1,1,"Binding","Non-Native"
"Non-Native 21",5,"1",-1,1,"Binding","Non-Native"
"Non-Native 22",5,"1",-1,1,"Binding","Non-Native"
"Non-Native 23",5,"1",-1,1,"Binding","Non-Native"
"Non-Native 24",5,"0",-1,1,"Binding","Non-Native"
"Non-Native 25",5,"1",-1,1,"Binding","Non-Native"
"Non-Native 26",5,"1",-1,1,"Binding","Non-Native"
"Non-Native 30",5,"1",-1,1,"Binding","Non-Native"
"Non-Native 33",5,"1",-1,1,"Binding","Non-Native"
"Non-Native 34",5,"1",-1,1,"Binding","Non-Native"
"Non-Native 35",5,"0",-1,1,"Binding","Non-Native"
"Non-Native 36",5,"1",-1,1,"Binding","Non-Native"
"Non-Native 37",5,"1",-1,1,"Binding","Non-Native"
"Non-Native 39",5,"1",-1,1,"Binding","Non-Native"
"Non-Native 44",5,"1",-1,1,"Binding","Non-Native"
"Non-Native 47",5,"1",-1,1,"Binding","Non-Native"
"Non-Native 50",5,"1",-1,1,"Binding","Non-Native"
"Non-Native 51",5,"1",-1,1,"Binding","Non-Native"
"Non-Native 55",5,"1",-1,1,"Binding","Non-Native"
"Non-Native 1",5,"1",1,1,"Non-Binding","Non-Native"
"Non-Native 2",5,"0",1,1,"Non-Binding","Non-Native"
"Non-Native 3",5,"1",1,1,"Non-Binding","Non-Native"
"Non-Native 6",5,"1",1,1,"Non-Binding","Non-Native"
"Non-Native 8",5,"1",1,1,"Non-Binding","Non-Native"
"Non-Native 9",5,"1",1,1,"Non-Binding","Non-Native"
"Non-Native 10",5,"0",1,1,"Non-Binding","Non-Native"
"Non-Native 11",5,"1",1,1,"Non-Binding","Non-Native"
"Non-Native 12",5,"1",1,1,"Non-Binding","Non-Native"
"Non-Native 14",5,"0",1,1,"Non-Binding","Non-Native"
"Non-Native 17",5,"0",1,1,"Non-Binding","Non-Native"
"Non-Native 20",5,"1",1,1,"Non-Binding","Non-Native"
"Non-Native 27",5,"1",1,1,"Non-Binding","Non-Native"
"Non-Native 28",5,"1",1,1,"Non-Binding","Non-Native"
"Non-Native 29",5,"1",1,1,"Non-Binding","Non-Native"
"Non-Native 31",5,"0",1,1,"Non-Binding","Non-Native"
"Non-Native 32",5,"1",1,1,"Non-Binding","Non-Native"
"Non-Native 38",5,"1",1,1,"Non-Binding","Non-Native"
"Non-Native 40",5,"1",1,1,"Non-Binding","Non-Native"
"Non-Native 41",5,"1",1,1,"Non-Binding","Non-Native"
"Non-Native 42",5,"1",1,1,"Non-Binding","Non-Native"
"Non-Native 43",5,"1",1,1,"Non-Binding","Non-Native"
"Non-Native 45",5,"1",1,1,"Non-Binding","Non-Native"
"Non-Native 46",5,"1",1,1,"Non-Binding","Non-Native"
"Non-Native 48",5,"1",1,1,"Non-Binding","Non-Native"
"Non-Native 49",5,"1",1,1,"Non-Binding","Non-Native"
"Non-Native 52",5,"1",1,1,"Non-Binding","Non-Native"
"Non-Native 53",5,"1",1,1,"Non-Binding","Non-Native"
"Non-Native 54",5,"1",1,1,"Non-Binding","Non-Native"
"Non-Native 56",5,"1",1,1,"Non-Binding","Non-Native"
"Non-Native 1",6,"1",-1,1,"Binding","Non-Native"
"Non-Native 2",6,"1",-1,1,"Binding","Non-Native"
"Non-Native 3",6,"1",-1,1,"Binding","Non-Native"
"Non-Native 6",6,"1",-1,1,"Binding","Non-Native"
"Non-Native 8",6,"1",-1,1,"Binding","Non-Native"
"Non-Native 9",6,"1",-1,1,"Binding","Non-Native"
"Non-Native 10",6,"1",-1,1,"Binding","Non-Native"
"Non-Native 11",6,"1",-1,1,"Binding","Non-Native"
"Non-Native 12",6,"1",-1,1,"Binding","Non-Native"
"Non-Native 14",6,"0",-1,1,"Binding","Non-Native"
"Non-Native 17",6,"1",-1,1,"Binding","Non-Native"
"Non-Native 20",6,"1",-1,1,"Binding","Non-Native"
"Non-Native 27",6,"1",-1,1,"Binding","Non-Native"
"Non-Native 28",6,"1",-1,1,"Binding","Non-Native"
"Non-Native 29",6,"1",-1,1,"Binding","Non-Native"
"Non-Native 31",6,"1",-1,1,"Binding","Non-Native"
"Non-Native 32",6,"1",-1,1,"Binding","Non-Native"
"Non-Native 38",6,"0",-1,1,"Binding","Non-Native"
"Non-Native 40",6,"0",-1,1,"Binding","Non-Native"
"Non-Native 41",6,"0",-1,1,"Binding","Non-Native"
"Non-Native 42",6,"1",-1,1,"Binding","Non-Native"
"Non-Native 43",6,"1",-1,1,"Binding","Non-Native"
"Non-Native 45",6,"1",-1,1,"Binding","Non-Native"
"Non-Native 46",6,"1",-1,1,"Binding","Non-Native"
"Non-Native 48",6,"1",-1,1,"Binding","Non-Native"
"Non-Native 49",6,"1",-1,1,"Binding","Non-Native"
"Non-Native 52",6,"1",-1,1,"Binding","Non-Native"
"Non-Native 53",6,"1",-1,1,"Binding","Non-Native"
"Non-Native 54",6,"1",-1,1,"Binding","Non-Native"
"Non-Native 56",6,"1",-1,1,"Binding","Non-Native"
"Non-Native 4",6,"1",1,1,"Non-Binding","Non-Native"
"Non-Native 5",6,"0",1,1,"Non-Binding","Non-Native"
"Non-Native 7",6,"1",1,1,"Non-Binding","Non-Native"
"Non-Native 13",6,"1",1,1,"Non-Binding","Non-Native"
"Non-Native 15",6,"1",1,1,"Non-Binding","Non-Native"
"Non-Native 16",6,"1",1,1,"Non-Binding","Non-Native"
"Non-Native 18",6,"1",1,1,"Non-Binding","Non-Native"
"Non-Native 19",6,"1",1,1,"Non-Binding","Non-Native"
"Non-Native 21",6,"1",1,1,"Non-Binding","Non-Native"
"Non-Native 22",6,"1",1,1,"Non-Binding","Non-Native"
"Non-Native 23",6,"1",1,1,"Non-Binding","Non-Native"
"Non-Native 24",6,"1",1,1,"Non-Binding","Non-Native"
"Non-Native 25",6,"1",1,1,"Non-Binding","Non-Native"
"Non-Native 26",6,"0",1,1,"Non-Binding","Non-Native"
"Non-Native 30",6,"1",1,1,"Non-Binding","Non-Native"
"Non-Native 33",6,"1",1,1,"Non-Binding","Non-Native"
"Non-Native 34",6,"1",1,1,"Non-Binding","Non-Native"
"Non-Native 35",6,"0",1,1,"Non-Binding","Non-Native"
"Non-Native 36",6,"1",1,1,"Non-Binding","Non-Native"
"Non-Native 37",6,"1",1,1,"Non-Binding","Non-Native"
"Non-Native 39",6,"1",1,1,"Non-Binding","Non-Native"
"Non-Native 44",6,"1",1,1,"Non-Binding","Non-Native"
"Non-Native 47",6,"0",1,1,"Non-Binding","Non-Native"
"Non-Native 50",6,"1",1,1,"Non-Binding","Non-Native"
"Non-Native 51",6,"0",1,1,"Non-Binding","Non-Native"
"Non-Native 55",6,"1",1,1,"Non-Binding","Non-Native"
"Non-Native 4",7,"0",-1,1,"Binding","Non-Native"
"Non-Native 5",7,"1",-1,1,"Binding","Non-Native"
"Non-Native 7",7,"1",-1,1,"Binding","Non-Native"
"Non-Native 13",7,"1",-1,1,"Binding","Non-Native"
"Non-Native 15",7,"1",-1,1,"Binding","Non-Native"
"Non-Native 16",7,"1",-1,1,"Binding","Non-Native"
"Non-Native 18",7,"0",-1,1,"Binding","Non-Native"
"Non-Native 19",7,"1",-1,1,"Binding","Non-Native"
"Non-Native 21",7,"1",-1,1,"Binding","Non-Native"
"Non-Native 22",7,"1",-1,1,"Binding","Non-Native"
"Non-Native 23",7,"1",-1,1,"Binding","Non-Native"
"Non-Native 24",7,"1",-1,1,"Binding","Non-Native"
"Non-Native 25",7,"0",-1,1,"Binding","Non-Native"
"Non-Native 26",7,"0",-1,1,"Binding","Non-Native"
"Non-Native 30",7,"1",-1,1,"Binding","Non-Native"
"Non-Native 33",7,"1",-1,1,"Binding","Non-Native"
"Non-Native 34",7,"1",-1,1,"Binding","Non-Native"
"Non-Native 35",7,"0",-1,1,"Binding","Non-Native"
"Non-Native 36",7,"1",-1,1,"Binding","Non-Native"
"Non-Native 37",7,"1",-1,1,"Binding","Non-Native"
"Non-Native 39",7,"1",-1,1,"Binding","Non-Native"
"Non-Native 44",7,"1",-1,1,"Binding","Non-Native"
"Non-Native 47",7,"1",-1,1,"Binding","Non-Native"
"Non-Native 50",7,"1",-1,1,"Binding","Non-Native"
"Non-Native 51",7,"1",-1,1,"Binding","Non-Native"
"Non-Native 55",7,"1",-1,1,"Binding","Non-Native"
"Non-Native 1",7,"1",1,1,"Non-Binding","Non-Native"
"Non-Native 2",7,"0",1,1,"Non-Binding","Non-Native"
"Non-Native 3",7,"1",1,1,"Non-Binding","Non-Native"
"Non-Native 6",7,"0",1,1,"Non-Binding","Non-Native"
"Non-Native 8",7,"1",1,1,"Non-Binding","Non-Native"
"Non-Native 9",7,"0",1,1,"Non-Binding","Non-Native"
"Non-Native 10",7,"1",1,1,"Non-Binding","Non-Native"
"Non-Native 11",7,"0",1,1,"Non-Binding","Non-Native"
"Non-Native 12",7,"1",1,1,"Non-Binding","Non-Native"
"Non-Native 14",7,"0",1,1,"Non-Binding","Non-Native"
"Non-Native 17",7,"0",1,1,"Non-Binding","Non-Native"
"Non-Native 20",7,"1",1,1,"Non-Binding","Non-Native"
"Non-Native 27",7,"1",1,1,"Non-Binding","Non-Native"
"Non-Native 28",7,"1",1,1,"Non-Binding","Non-Native"
"Non-Native 29",7,"1",1,1,"Non-Binding","Non-Native"
"Non-Native 31",7,"0",1,1,"Non-Binding","Non-Native"
"Non-Native 32",7,"1",1,1,"Non-Binding","Non-Native"
"Non-Native 38",7,"1",1,1,"Non-Binding","Non-Native"
"Non-Native 40",7,"1",1,1,"Non-Binding","Non-Native"
"Non-Native 41",7,"1",1,1,"Non-Binding","Non-Native"
"Non-Native 42",7,"1",1,1,"Non-Binding","Non-Native"
"Non-Native 43",7,"1",1,1,"Non-Binding","Non-Native"
"Non-Native 45",7,"1",1,1,"Non-Binding","Non-Native"
"Non-Native 46",7,"1",1,1,"Non-Binding","Non-Native"
"Non-Native 48",7,"1",1,1,"Non-Binding","Non-Native"
"Non-Native 49",7,"1",1,1,"Non-Binding","Non-Native"
"Non-Native 52",7,"1",1,1,"Non-Binding","Non-Native"
"Non-Native 53",7,"1",1,1,"Non-Binding","Non-Native"
"Non-Native 54",7,"1",1,1,"Non-Binding","Non-Native"
"Non-Native 56",7,"1",1,1,"Non-Binding","Non-Native"
"Non-Native 1",8,"1",-1,1,"Binding","Non-Native"
"Non-Native 2",8,"1",-1,1,"Binding","Non-Native"
"Non-Native 3",8,"1",-1,1,"Binding","Non-Native"
"Non-Native 6",8,"1",-1,1,"Binding","Non-Native"
"Non-Native 8",8,"0",-1,1,"Binding","Non-Native"
"Non-Native 9",8,"0",-1,1,"Binding","Non-Native"
"Non-Native 10",8,"0",-1,1,"Binding","Non-Native"
"Non-Native 11",8,"1",-1,1,"Binding","Non-Native"
"Non-Native 12",8,"1",-1,1,"Binding","Non-Native"
"Non-Native 14",8,"1",-1,1,"Binding","Non-Native"
"Non-Native 17",8,"0",-1,1,"Binding","Non-Native"
"Non-Native 20",8,"1",-1,1,"Binding","Non-Native"
"Non-Native 27",8,"1",-1,1,"Binding","Non-Native"
"Non-Native 28",8,"0",-1,1,"Binding","Non-Native"
"Non-Native 29",8,"1",-1,1,"Binding","Non-Native"
"Non-Native 31",8,"1",-1,1,"Binding","Non-Native"
"Non-Native 32",8,"1",-1,1,"Binding","Non-Native"
"Non-Native 38",8,"1",-1,1,"Binding","Non-Native"
"Non-Native 40",8,"1",-1,1,"Binding","Non-Native"
"Non-Native 41",8,"1",-1,1,"Binding","Non-Native"
"Non-Native 42",8,"1",-1,1,"Binding","Non-Native"
"Non-Native 43",8,"1",-1,1,"Binding","Non-Native"
"Non-Native 45",8,"1",-1,1,"Binding","Non-Native"
"Non-Native 46",8,"1",-1,1,"Binding","Non-Native"
"Non-Native 48",8,"1",-1,1,"Binding","Non-Native"
"Non-Native 49",8,"1",-1,1,"Binding","Non-Native"
"Non-Native 52",8,"1",-1,1,"Binding","Non-Native"
"Non-Native 53",8,"1",-1,1,"Binding","Non-Native"
"Non-Native 54",8,"1",-1,1,"Binding","Non-Native"
"Non-Native 56",8,"1",-1,1,"Binding","Non-Native"
"Non-Native 4",8,"0",1,1,"Non-Binding","Non-Native"
"Non-Native 5",8,"1",1,1,"Non-Binding","Non-Native"
"Non-Native 7",8,"1",1,1,"Non-Binding","Non-Native"
"Non-Native 13",8,"1",1,1,"Non-Binding","Non-Native"
"Non-Native 15",8,"1",1,1,"Non-Binding","Non-Native"
"Non-Native 16",8,"1",1,1,"Non-Binding","Non-Native"
"Non-Native 18",8,"0",1,1,"Non-Binding","Non-Native"
"Non-Native 19",8,"1",1,1,"Non-Binding","Non-Native"
"Non-Native 21",8,"1",1,1,"Non-Binding","Non-Native"
"Non-Native 22",8,"1",1,1,"Non-Binding","Non-Native"
"Non-Native 23",8,"1",1,1,"Non-Binding","Non-Native"
"Non-Native 24",8,"0",1,1,"Non-Binding","Non-Native"
"Non-Native 25",8,"1",1,1,"Non-Binding","Non-Native"
"Non-Native 26",8,"0",1,1,"Non-Binding","Non-Native"
"Non-Native 30",8,"1",1,1,"Non-Binding","Non-Native"
"Non-Native 33",8,"0",1,1,"Non-Binding","Non-Native"
"Non-Native 34",8,"1",1,1,"Non-Binding","Non-Native"
"Non-Native 35",8,"1",1,1,"Non-Binding","Non-Native"
"Non-Native 36",8,"1",1,1,"Non-Binding","Non-Native"
"Non-Native 37",8,"1",1,1,"Non-Binding","Non-Native"
"Non-Native 39",8,"0",1,1,"Non-Binding","Non-Native"
"Non-Native 44",8,"1",1,1,"Non-Binding","Non-Native"
"Non-Native 47",8,"1",1,1,"Non-Binding","Non-Native"
"Non-Native 50",8,"1",1,1,"Non-Binding","Non-Native"
"Non-Native 51",8,"1",1,1,"Non-Binding","Non-Native"
"Non-Native 55",8,"1",1,1,"Non-Binding","Non-Native"
"Non-Native 4",9,"1",-1,1,"Binding","Non-Native"
"Non-Native 5",9,"1",-1,1,"Binding","Non-Native"
"Non-Native 7",9,"1",-1,1,"Binding","Non-Native"
"Non-Native 13",9,"1",-1,1,"Binding","Non-Native"
"Non-Native 15",9,"1",-1,1,"Binding","Non-Native"
"Non-Native 16",9,"1",-1,1,"Binding","Non-Native"
"Non-Native 18",9,"1",-1,1,"Binding","Non-Native"
"Non-Native 19",9,"1",-1,1,"Binding","Non-Native"
"Non-Native 21",9,"1",-1,1,"Binding","Non-Native"
"Non-Native 22",9,"1",-1,1,"Binding","Non-Native"
"Non-Native 23",9,"0",-1,1,"Binding","Non-Native"
"Non-Native 24",9,"1",-1,1,"Binding","Non-Native"
"Non-Native 25",9,"1",-1,1,"Binding","Non-Native"
"Non-Native 26",9,"1",-1,1,"Binding","Non-Native"
"Non-Native 30",9,"0",-1,1,"Binding","Non-Native"
"Non-Native 33",9,"1",-1,1,"Binding","Non-Native"
"Non-Native 34",9,"1",-1,1,"Binding","Non-Native"
"Non-Native 35",9,"1",-1,1,"Binding","Non-Native"
"Non-Native 36",9,"1",-1,1,"Binding","Non-Native"
"Non-Native 37",9,"1",-1,1,"Binding","Non-Native"
"Non-Native 39",9,"1",-1,1,"Binding","Non-Native"
"Non-Native 44",9,"1",-1,1,"Binding","Non-Native"
"Non-Native 47",9,"0",-1,1,"Binding","Non-Native"
"Non-Native 50",9,"1",-1,1,"Binding","Non-Native"
"Non-Native 51",9,"0",-1,1,"Binding","Non-Native"
"Non-Native 55",9,"1",-1,1,"Binding","Non-Native"
"Non-Native 1",9,"1",1,1,"Non-Binding","Non-Native"
"Non-Native 2",9,"1",1,1,"Non-Binding","Non-Native"
"Non-Native 3",9,"1",1,1,"Non-Binding","Non-Native"
"Non-Native 6",9,"1",1,1,"Non-Binding","Non-Native"
"Non-Native 8",9,"1",1,1,"Non-Binding","Non-Native"
"Non-Native 9",9,"0",1,1,"Non-Binding","Non-Native"
"Non-Native 10",9,"0",1,1,"Non-Binding","Non-Native"
"Non-Native 11",9,"0",1,1,"Non-Binding","Non-Native"
"Non-Native 12",9,"1",1,1,"Non-Binding","Non-Native"
"Non-Native 14",9,"0",1,1,"Non-Binding","Non-Native"
"Non-Native 17",9,"1",1,1,"Non-Binding","Non-Native"
"Non-Native 20",9,"0",1,1,"Non-Binding","Non-Native"
"Non-Native 27",9,"1",1,1,"Non-Binding","Non-Native"
"Non-Native 28",9,"1",1,1,"Non-Binding","Non-Native"
"Non-Native 29",9,"1",1,1,"Non-Binding","Non-Native"
"Non-Native 31",9,"1",1,1,"Non-Binding","Non-Native"
"Non-Native 32",9,"1",1,1,"Non-Binding","Non-Native"
"Non-Native 38",9,"1",1,1,"Non-Binding","Non-Native"
"Non-Native 40",9,"1",1,1,"Non-Binding","Non-Native"
"Non-Native 41",9,"1",1,1,"Non-Binding","Non-Native"
"Non-Native 42",9,"1",1,1,"Non-Binding","Non-Native"
"Non-Native 43",9,"1",1,1,"Non-Binding","Non-Native"
"Non-Native 45",9,"1",1,1,"Non-Binding","Non-Native"
"Non-Native 46",9,"1",1,1,"Non-Binding","Non-Native"
"Non-Native 48",9,"1",1,1,"Non-Binding","Non-Native"
"Non-Native 49",9,"0",1,1,"Non-Binding","Non-Native"
"Non-Native 52",9,"1",1,1,"Non-Binding","Non-Native"
"Non-Native 53",9,"1",1,1,"Non-Binding","Non-Native"
"Non-Native 54",9,"1",1,1,"Non-Binding","Non-Native"
"Non-Native 56",9,"1",1,1,"Non-Binding","Non-Native"
"Non-Native 1",10,"1",-1,1,"Binding","Non-Native"
"Non-Native 2",10,"1",-1,1,"Binding","Non-Native"
"Non-Native 3",10,"1",-1,1,"Binding","Non-Native"
"Non-Native 6",10,"1",-1,1,"Binding","Non-Native"
"Non-Native 8",10,"0",-1,1,"Binding","Non-Native"
"Non-Native 9",10,"1",-1,1,"Binding","Non-Native"
"Non-Native 10",10,"1",-1,1,"Binding","Non-Native"
"Non-Native 11",10,"1",-1,1,"Binding","Non-Native"
"Non-Native 12",10,"1",-1,1,"Binding","Non-Native"
"Non-Native 14",10,"1",-1,1,"Binding","Non-Native"
"Non-Native 17",10,"1",-1,1,"Binding","Non-Native"
"Non-Native 20",10,"1",-1,1,"Binding","Non-Native"
"Non-Native 27",10,"1",-1,1,"Binding","Non-Native"
"Non-Native 28",10,"1",-1,1,"Binding","Non-Native"
"Non-Native 29",10,"1",-1,1,"Binding","Non-Native"
"Non-Native 31",10,"0",-1,1,"Binding","Non-Native"
"Non-Native 32",10,"1",-1,1,"Binding","Non-Native"
"Non-Native 38",10,"1",-1,1,"Binding","Non-Native"
"Non-Native 40",10,"0",-1,1,"Binding","Non-Native"
"Non-Native 41",10,"1",-1,1,"Binding","Non-Native"
"Non-Native 42",10,"1",-1,1,"Binding","Non-Native"
"Non-Native 43",10,"1",-1,1,"Binding","Non-Native"
"Non-Native 45",10,"1",-1,1,"Binding","Non-Native"
"Non-Native 46",10,"1",-1,1,"Binding","Non-Native"
"Non-Native 48",10,"1",-1,1,"Binding","Non-Native"
"Non-Native 49",10,"1",-1,1,"Binding","Non-Native"
"Non-Native 52",10,"1",-1,1,"Binding","Non-Native"
"Non-Native 53",10,"1",-1,1,"Binding","Non-Native"
"Non-Native 54",10,"1",-1,1,"Binding","Non-Native"
"Non-Native 56",10,"1",-1,1,"Binding","Non-Native"
"Non-Native 4",10,"1",1,1,"Non-Binding","Non-Native"
"Non-Native 5",10,"0",1,1,"Non-Binding","Non-Native"
"Non-Native 7",10,"1",1,1,"Non-Binding","Non-Native"
"Non-Native 13",10,"1",1,1,"Non-Binding","Non-Native"
"Non-Native 15",10,"1",1,1,"Non-Binding","Non-Native"
"Non-Native 16",10,"1",1,1,"Non-Binding","Non-Native"
"Non-Native 18",10,"1",1,1,"Non-Binding","Non-Native"
"Non-Native 19",10,"1",1,1,"Non-Binding","Non-Native"
"Non-Native 21",10,"1",1,1,"Non-Binding","Non-Native"
"Non-Native 22",10,"1",1,1,"Non-Binding","Non-Native"
"Non-Native 23",10,"1",1,1,"Non-Binding","Non-Native"
"Non-Native 24",10,"0",1,1,"Non-Binding","Non-Native"
"Non-Native 25",10,"0",1,1,"Non-Binding","Non-Native"
"Non-Native 26",10,"1",1,1,"Non-Binding","Non-Native"
"Non-Native 30",10,"1",1,1,"Non-Binding","Non-Native"
"Non-Native 33",10,"1",1,1,"Non-Binding","Non-Native"
"Non-Native 34",10,"1",1,1,"Non-Binding","Non-Native"
"Non-Native 35",10,"0",1,1,"Non-Binding","Non-Native"
"Non-Native 36",10,"1",1,1,"Non-Binding","Non-Native"
"Non-Native 37",10,"1",1,1,"Non-Binding","Non-Native"
"Non-Native 39",10,"0",1,1,"Non-Binding","Non-Native"
"Non-Native 44",10,"0",1,1,"Non-Binding","Non-Native"
"Non-Native 47",10,"1",1,1,"Non-Binding","Non-Native"
"Non-Native 50",10,"1",1,1,"Non-Binding","Non-Native"
"Non-Native 51",10,"0",1,1,"Non-Binding","Non-Native"
"Non-Native 55",10,"1",1,1,"Non-Binding","Non-Native"
"Non-Native 4",11,"1",-1,1,"Binding","Non-Native"
"Non-Native 5",11,"0",-1,1,"Binding","Non-Native"
"Non-Native 7",11,"1",-1,1,"Binding","Non-Native"
"Non-Native 13",11,"1",-1,1,"Binding","Non-Native"
"Non-Native 15",11,"1",-1,1,"Binding","Non-Native"
"Non-Native 16",11,"1",-1,1,"Binding","Non-Native"
"Non-Native 18",11,"1",-1,1,"Binding","Non-Native"
"Non-Native 19",11,"1",-1,1,"Binding","Non-Native"
"Non-Native 21",11,"1",-1,1,"Binding","Non-Native"
"Non-Native 22",11,"1",-1,1,"Binding","Non-Native"
"Non-Native 23",11,"0",-1,1,"Binding","Non-Native"
"Non-Native 24",11,"1",-1,1,"Binding","Non-Native"
"Non-Native 25",11,"1",-1,1,"Binding","Non-Native"
"Non-Native 26",11,"1",-1,1,"Binding","Non-Native"
"Non-Native 30",11,"1",-1,1,"Binding","Non-Native"
"Non-Native 33",11,"1",-1,1,"Binding","Non-Native"
"Non-Native 34",11,"1",-1,1,"Binding","Non-Native"
"Non-Native 35",11,"1",-1,1,"Binding","Non-Native"
"Non-Native 36",11,"1",-1,1,"Binding","Non-Native"
"Non-Native 37",11,"1",-1,1,"Binding","Non-Native"
"Non-Native 39",11,"1",-1,1,"Binding","Non-Native"
"Non-Native 44",11,"0",-1,1,"Binding","Non-Native"
"Non-Native 47",11,"1",-1,1,"Binding","Non-Native"
"Non-Native 50",11,"1",-1,1,"Binding","Non-Native"
"Non-Native 51",11,"0",-1,1,"Binding","Non-Native"
"Non-Native 55",11,"1",-1,1,"Binding","Non-Native"
"Non-Native 1",11,"1",1,1,"Non-Binding","Non-Native"
"Non-Native 2",11,"0",1,1,"Non-Binding","Non-Native"
"Non-Native 3",11,"1",1,1,"Non-Binding","Non-Native"
"Non-Native 6",11,"1",1,1,"Non-Binding","Non-Native"
"Non-Native 8",11,"1",1,1,"Non-Binding","Non-Native"
"Non-Native 9",11,"1",1,1,"Non-Binding","Non-Native"
"Non-Native 10",11,"0",1,1,"Non-Binding","Non-Native"
"Non-Native 11",11,"1",1,1,"Non-Binding","Non-Native"
"Non-Native 12",11,"1",1,1,"Non-Binding","Non-Native"
"Non-Native 14",11,"1",1,1,"Non-Binding","Non-Native"
"Non-Native 17",11,"1",1,1,"Non-Binding","Non-Native"
"Non-Native 20",11,"1",1,1,"Non-Binding","Non-Native"
"Non-Native 27",11,"1",1,1,"Non-Binding","Non-Native"
"Non-Native 28",11,"1",1,1,"Non-Binding","Non-Native"
"Non-Native 29",11,"1",1,1,"Non-Binding","Non-Native"
"Non-Native 31",11,"1",1,1,"Non-Binding","Non-Native"
"Non-Native 32",11,"1",1,1,"Non-Binding","Non-Native"
"Non-Native 38",11,"1",1,1,"Non-Binding","Non-Native"
"Non-Native 40",11,"1",1,1,"Non-Binding","Non-Native"
"Non-Native 41",11,"1",1,1,"Non-Binding","Non-Native"
"Non-Native 42",11,"1",1,1,"Non-Binding","Non-Native"
"Non-Native 43",11,"1",1,1,"Non-Binding","Non-Native"
"Non-Native 45",11,"1",1,1,"Non-Binding","Non-Native"
"Non-Native 46",11,"1",1,1,"Non-Binding","Non-Native"
"Non-Native 48",11,"1",1,1,"Non-Binding","Non-Native"
"Non-Native 49",11,"1",1,1,"Non-Binding","Non-Native"
"Non-Native 52",11,"0",1,1,"Non-Binding","Non-Native"
"Non-Native 53",11,"1",1,1,"Non-Binding","Non-Native"
"Non-Native 54",11,"1",1,1,"Non-Binding","Non-Native"
"Non-Native 56",11,"1",1,1,"Non-Binding","Non-Native"
"Non-Native 1",12,"1",-1,1,"Binding","Non-Native"
"Non-Native 2",12,"0",-1,1,"Binding","Non-Native"
"Non-Native 3",12,"1",-1,1,"Binding","Non-Native"
"Non-Native 6",12,"1",-1,1,"Binding","Non-Native"
"Non-Native 8",12,"1",-1,1,"Binding","Non-Native"
"Non-Native 9",12,"1",-1,1,"Binding","Non-Native"
"Non-Native 10",12,"1",-1,1,"Binding","Non-Native"
"Non-Native 11",12,"1",-1,1,"Binding","Non-Native"
"Non-Native 12",12,"1",-1,1,"Binding","Non-Native"
"Non-Native 14",12,"1",-1,1,"Binding","Non-Native"
"Non-Native 17",12,"0",-1,1,"Binding","Non-Native"
"Non-Native 20",12,"1",-1,1,"Binding","Non-Native"
"Non-Native 27",12,"1",-1,1,"Binding","Non-Native"
"Non-Native 28",12,"1",-1,1,"Binding","Non-Native"
"Non-Native 29",12,"0",-1,1,"Binding","Non-Native"
"Non-Native 31",12,"0",-1,1,"Binding","Non-Native"
"Non-Native 32",12,"1",-1,1,"Binding","Non-Native"
"Non-Native 38",12,"1",-1,1,"Binding","Non-Native"
"Non-Native 40",12,"1",-1,1,"Binding","Non-Native"
"Non-Native 41",12,"1",-1,1,"Binding","Non-Native"
"Non-Native 42",12,"1",-1,1,"Binding","Non-Native"
"Non-Native 43",12,"1",-1,1,"Binding","Non-Native"
"Non-Native 45",12,"1",-1,1,"Binding","Non-Native"
"Non-Native 46",12,"1",-1,1,"Binding","Non-Native"
"Non-Native 48",12,"1",-1,1,"Binding","Non-Native"
"Non-Native 49",12,"1",-1,1,"Binding","Non-Native"
"Non-Native 52",12,"1",-1,1,"Binding","Non-Native"
"Non-Native 53",12,"1",-1,1,"Binding","Non-Native"
"Non-Native 54",12,"1",-1,1,"Binding","Non-Native"
"Non-Native 56",12,"1",-1,1,"Binding","Non-Native"
"Non-Native 4",12,"1",1,1,"Non-Binding","Non-Native"
"Non-Native 5",12,"1",1,1,"Non-Binding","Non-Native"
"Non-Native 7",12,"1",1,1,"Non-Binding","Non-Native"
"Non-Native 13",12,"1",1,1,"Non-Binding","Non-Native"
"Non-Native 15",12,"1",1,1,"Non-Binding","Non-Native"
"Non-Native 16",12,"1",1,1,"Non-Binding","Non-Native"
"Non-Native 18",12,"1",1,1,"Non-Binding","Non-Native"
"Non-Native 19",12,"1",1,1,"Non-Binding","Non-Native"
"Non-Native 21",12,"1",1,1,"Non-Binding","Non-Native"
"Non-Native 22",12,"1",1,1,"Non-Binding","Non-Native"
"Non-Native 23",12,"1",1,1,"Non-Binding","Non-Native"
"Non-Native 24",12,"1",1,1,"Non-Binding","Non-Native"
"Non-Native 25",12,"1",1,1,"Non-Binding","Non-Native"
"Non-Native 26",12,"1",1,1,"Non-Binding","Non-Native"
"Non-Native 30",12,"0",1,1,"Non-Binding","Non-Native"
"Non-Native 33",12,"1",1,1,"Non-Binding","Non-Native"
"Non-Native 34",12,"1",1,1,"Non-Binding","Non-Native"
"Non-Native 35",12,"0",1,1,"Non-Binding","Non-Native"
"Non-Native 36",12,"1",1,1,"Non-Binding","Non-Native"
"Non-Native 37",12,"1",1,1,"Non-Binding","Non-Native"
"Non-Native 39",12,"1",1,1,"Non-Binding","Non-Native"
"Non-Native 44",12,"1",1,1,"Non-Binding","Non-Native"
"Non-Native 47",12,"1",1,1,"Non-Binding","Non-Native"
"Non-Native 50",12,"1",1,1,"Non-Binding","Non-Native"
"Non-Native 51",12,"1",1,1,"Non-Binding","Non-Native"
"Non-Native 55",12,"1",1,1,"Non-Binding","Non-Native"
